Price,Close,High,Low,Open,Volume
Ticker,^CNXAUTO,^CNXAUTO,^CNXAUTO,^CNXAUTO,^CNXAUTO
Date,,,,,
2019-01-01,9182.4501953125,9244.0,9139.4501953125,9244.0,311400
2019-01-02,8902.650390625,9121.9501953125,8885.2998046875,9121.9501953125,800700
2019-01-03,8767.349609375,8959.349609375,8755.75,8900.0498046875,579900
2019-01-04,8809.349609375,8871.099609375,8754.0498046875,8807.400390625,650400
2019-01-07,8820.0,8901.599609375,8809.900390625,8891.900390625,748500
2019-01-08,8859.650390625,8882.2998046875,8781.7998046875,8813.900390625,698400
2019-01-09,8907.099609375,8925.599609375,8827.900390625,8893.900390625,639200
2019-01-10,8933.349609375,8964.150390625,8908.0498046875,8924.650390625,652200
2019-01-11,8862.349609375,8950.2998046875,8816.900390625,8942.0498046875,555300
2019-01-14,8849.7001953125,8863.5498046875,8752.099609375,8859.099609375,426200
2019-01-15,8888.400390625,8902.2998046875,8845.5,8877.349609375,399800
2019-01-16,8866.75,8916.400390625,8856.75,8894.099609375,360400
2019-01-17,8878.2001953125,8920.7998046875,8850.25,8893.2001953125,343900
2019-01-18,8844.7998046875,8907.650390625,8806.0498046875,8898.9501953125,304500
2019-01-21,8746.849609375,8867.2001953125,8725.25,8859.650390625,338000
2019-01-22,8675.150390625,8726.0498046875,8580.0,8726.0498046875,666700
2019-01-23,8612.25,8693.7001953125,8594.2001953125,8679.849609375,447000
2019-01-24,8537.25,8632.099609375,8510.400390625,8623.2001953125,639400
2019-01-25,8259.7998046875,8587.7001953125,8241.099609375,8538.7001953125,597300
2019-01-28,8143.0,8264.599609375,8092.85009765625,8259.5498046875,552400
2019-01-29,8120.4501953125,8178.75,8059.4501953125,8127.64990234375,583500
2019-01-30,8118.39990234375,8176.4501953125,8080.2001953125,8149.25,464400
2019-01-31,8218.400390625,8236.5498046875,8083.89990234375,8145.14990234375,820500
2019-02-01,8441.25,8657.7998046875,8254.150390625,8265.5,1144200
2019-02-04,8395.5498046875,8446.0,8325.75,8444.75,546600
2019-02-05,8468.2998046875,8489.7001953125,8408.25,8410.599609375,540400
2019-02-06,8567.400390625,8593.5498046875,8441.5,8490.2001953125,412600
2019-02-07,8736.7001953125,8756.25,8581.0,8584.599609375,829800
2019-02-08,8420.349609375,8643.849609375,8399.900390625,8639.9501953125,1731600
2019-02-11,8320.2998046875,8365.900390625,8257.900390625,8364.5498046875,816500
2019-02-12,8278.099609375,8344.849609375,8259.2001953125,8312.5,543500
2019-02-14,8223.349609375,8268.349609375,8166.7001953125,8178.10009765625,807000
2019-02-15,8132.5498046875,8236.7001953125,8057.14990234375,8228.2001953125,990500
2019-02-18,8067.7001953125,8156.89990234375,8035.5498046875,8156.89990234375,465600
2019-02-19,8073.39990234375,8162.2001953125,8061.85009765625,8089.2998046875,651900
2019-02-20,8121.5,8132.4501953125,8072.89990234375,8111.7001953125,633500
2019-02-21,8156.75,8175.5498046875,8056.4501953125,8136.64990234375,557100
2019-02-22,8278.9501953125,8289.25,8156.5,8178.2001953125,734300
2019-02-25,8371.4501953125,8381.400390625,8307.5498046875,8309.900390625,913800
2019-02-26,8399.099609375,8442.0,8234.5498046875,8315.9501953125,954200
2019-02-27,8420.0498046875,8533.150390625,8343.650390625,8443.2998046875,837800
2019-02-28,8355.150390625,8486.2001953125,8343.7998046875,8486.2001953125,995500
2019-03-01,8413.650390625,8440.25,8362.7998046875,8408.2998046875,935100
2019-03-05,8676.599609375,8698.2001953125,8376.7001953125,8417.349609375,1341600
2019-03-06,8651.75,8706.7998046875,8599.400390625,8702.5498046875,876000
2019-03-07,8635.7001953125,8680.2001953125,8580.7001953125,8678.7998046875,772200
2019-03-08,8582.599609375,8632.900390625,8565.75,8609.150390625,676000
2019-03-11,8782.7001953125,8793.5498046875,8607.849609375,8610.0,825200
2019-03-12,8802.900390625,8872.150390625,8775.4501953125,8834.849609375,819800
2019-03-13,8767.5498046875,8836.25,8748.2998046875,8819.9501953125,561500
2019-03-14,8725.5,8787.349609375,8670.7998046875,8775.900390625,503400
2019-03-15,8748.0498046875,8796.5,8723.4501953125,8750.349609375,713200
2019-03-18,8627.0498046875,8766.5,8589.099609375,8764.5,547800
2019-03-19,8567.0498046875,8624.099609375,8520.2998046875,8624.0498046875,429600
2019-03-20,8445.099609375,8573.099609375,8428.650390625,8572.900390625,369700
2019-03-22,8336.599609375,8508.0498046875,8319.4501953125,8432.150390625,563100
2019-03-25,8238.5498046875,8297.5,8218.599609375,8281.5,430700
2019-03-26,8287.25,8297.9501953125,8219.0498046875,8269.0498046875,478200
2019-03-27,8215.349609375,8334.599609375,8205.2998046875,8325.650390625,564400
2019-03-28,8234.25,8260.75,8194.599609375,8222.400390625,674800
2019-04-01,8414.349609375,8492.349609375,8394.7001953125,8407.5,1072000
2019-04-02,8504.2998046875,8515.900390625,8429.0498046875,8441.150390625,1522200
2019-04-03,8480.650390625,8572.650390625,8462.900390625,8523.2001953125,1379000
2019-04-04,8536.349609375,8546.150390625,8484.9501953125,8520.5498046875,980000
2019-04-05,8564.599609375,8604.150390625,8526.25,8566.650390625,687100
2019-04-08,8526.2998046875,8597.25,8483.9501953125,8590.25,546900
2019-04-09,8622.7998046875,8636.900390625,8482.900390625,8532.9501953125,879500
2019-04-10,8644.5,8667.7001953125,8583.2001953125,8625.349609375,1234400
2019-04-11,8690.0498046875,8702.9501953125,8639.099609375,8644.599609375,1033000
2019-04-12,8777.4501953125,8785.75,8665.0,8698.7998046875,687300
2019-04-15,8911.599609375,8922.099609375,8804.0,8805.400390625,1141000
2019-04-16,8983.5498046875,9002.75,8928.2998046875,8956.0,974800
2019-04-18,8972.650390625,9059.349609375,8952.5498046875,9034.9501953125,924400
2019-04-22,8813.900390625,8944.0498046875,8802.5,8937.900390625,669200
2019-04-23,8682.900390625,8853.7998046875,8666.7998046875,8823.5498046875,577700
2019-04-24,8646.0498046875,8726.5,8557.099609375,8701.4501953125,908800
2019-04-25,8587.900390625,8670.099609375,8573.7998046875,8657.849609375,721300
2019-04-26,8493.7998046875,8578.9501953125,8458.5,8562.7001953125,645300
2019-04-30,8350.599609375,8458.099609375,8293.9501953125,8441.599609375,690500
2019-05-02,8333.849609375,8369.25,8213.4501953125,8273.75,1106700
2019-05-03,8381.4501953125,8415.5,8315.599609375,8325.2998046875,858700
2019-05-06,8268.4501953125,8319.2998046875,8260.2001953125,8303.650390625,677700
2019-05-07,8206.25,8323.7001953125,8189.7998046875,8314.150390625,668300
2019-05-08,8095.89990234375,8193.9501953125,8086.0,8183.89990234375,642000
2019-05-09,8103.5,8131.10009765625,8049.7998046875,8077.75,821000
2019-05-10,8093.2001953125,8147.9501953125,8070.75,8111.14990234375,650400
2019-05-13,7938.64990234375,8098.7001953125,7911.4501953125,8081.85009765625,465800
2019-05-14,7955.5,7988.5,7855.89990234375,7890.5498046875,650500
2019-05-15,7856.85009765625,8021.0498046875,7840.10009765625,7983.89990234375,723300
2019-05-16,7891.89990234375,7917.5,7821.75,7900.5498046875,693700
2019-05-17,8085.75,8115.7998046875,7884.14990234375,7900.2001953125,583000
2019-05-20,8422.099609375,8438.5498046875,8221.2998046875,8282.2998046875,1021100
2019-05-21,8209.4501953125,8436.400390625,8172.64990234375,8430.2998046875,1154000
2019-05-22,8246.5498046875,8271.75,8154.0,8230.4501953125,628100
2019-05-23,8216.900390625,8415.150390625,8182.39990234375,8366.650390625,885600
2019-05-24,8460.25,8475.7001953125,8217.25,8269.9501953125,1091500
2019-05-27,8462.2001953125,8517.599609375,8382.0498046875,8466.349609375,912800
2019-05-28,8398.2001953125,8515.0498046875,8382.2001953125,8478.2001953125,1093300
2019-05-29,8281.900390625,8385.25,8251.5498046875,8385.0498046875,670400
2019-05-30,8235.7001953125,8284.25,8220.5,8271.0,752600
2019-05-31,8175.5,8314.400390625,8151.75,8270.0498046875,724800
2019-06-03,8328.2001953125,8345.25,8107.2998046875,8145.4501953125,926400
2019-06-04,8300.2001953125,8358.0,8283.4501953125,8320.400390625,721700
2019-06-06,8226.4501953125,8350.5498046875,8174.60009765625,8329.599609375,608100
2019-06-07,8192.0,8252.650390625,8129.85009765625,8245.7998046875,523400
2019-06-10,8216.650390625,8261.099609375,8163.64990234375,8239.25,606500
2019-06-11,8240.25,8257.849609375,8202.9501953125,8242.75,543600
2019-06-12,8146.9501953125,8238.75,8131.2001953125,8229.900390625,509100
2019-06-13,8116.9501953125,8150.60009765625,8060.5,8133.4501953125,600300
2019-06-14,8031.60009765625,8126.35009765625,8013.75,8102.0498046875,404100
2019-06-17,7896.10009765625,8043.7998046875,7878.9501953125,8037.7998046875,947700
2019-06-18,7859.35009765625,7953.14990234375,7815.5498046875,7901.2998046875,563700
2019-06-19,7772.2001953125,7931.14990234375,7727.85009765625,7904.0,660300
2019-06-20,7965.4501953125,7981.4501953125,7722.64990234375,7758.7998046875,832100
2019-06-21,7868.25,7937.5,7840.35009765625,7921.7998046875,698300
2019-06-24,7832.2998046875,7868.85009765625,7761.75,7855.64990234375,524200
2019-06-25,7878.25,7890.5498046875,7793.89990234375,7811.64990234375,685700
2019-06-26,7883.5498046875,7922.85009765625,7847.7998046875,7863.85009765625,658700
2019-06-27,7971.4501953125,8021.25,7901.0498046875,7903.35009765625,946900
2019-06-28,7928.0498046875,8004.10009765625,7918.64990234375,7984.0498046875,478900
2019-07-01,8029.14990234375,8047.0498046875,7965.2001953125,7981.85009765625,643900
2019-07-02,8045.64990234375,8057.85009765625,7959.9501953125,8017.0,499300
2019-07-03,8039.5,8090.0,8024.64990234375,8063.25,559900
2019-07-04,8077.2001953125,8099.0498046875,8031.39990234375,8053.64990234375,488200
2019-07-05,7849.10009765625,8097.10009765625,7810.5,8091.4501953125,488000
2019-07-08,7593.2998046875,7794.25,7564.39990234375,7794.25,548200
2019-07-09,7593.2998046875,7630.7001953125,7538.64990234375,7591.5,499400
2019-07-10,7511.14990234375,7609.7001953125,7484.35009765625,7593.14990234375,616900
2019-07-11,7650.9501953125,7665.89990234375,7504.4501953125,7552.0498046875,619600
2019-07-12,7653.64990234375,7719.0,7603.75,7641.7998046875,616600
2019-07-15,7674.25,7709.7001953125,7628.7001953125,7659.64990234375,457000
2019-07-16,7727.10009765625,7739.14990234375,7602.60009765625,7633.2998046875,888300
2019-07-17,7648.14990234375,7738.7998046875,7638.35009765625,7719.10009765625,535700
2019-07-18,7438.7001953125,7638.0498046875,7427.2001953125,7632.10009765625,653600
2019-07-19,7192.75,7475.2001953125,7180.0498046875,7462.60009765625,762000
2019-07-22,7220.25,7291.85009765625,7146.7998046875,7203.75,659500
2019-07-23,7176.64990234375,7235.5,7157.2998046875,7234.35009765625,836400
2019-07-24,7036.7001953125,7174.89990234375,7017.0,7162.85009765625,699000
2019-07-25,7010.5498046875,7086.4501953125,6996.2998046875,7040.39990234375,743100
2019-07-26,7161.5,7227.64990234375,6968.0498046875,6979.85009765625,1337400
2019-07-29,6905.7001953125,7127.14990234375,6896.25,7123.5498046875,873800
2019-07-30,6763.75,6954.2001953125,6747.39990234375,6907.9501953125,913200
2019-07-31,6851.64990234375,6883.39990234375,6727.5498046875,6762.14990234375,874700
2019-08-01,6856.10009765625,6883.35009765625,6764.2001953125,6806.7001953125,1204900
2019-08-02,6933.75,6971.0498046875,6732.64990234375,6791.75,2349200
2019-08-05,6844.60009765625,6900.85009765625,6751.0,6859.85009765625,1093500
2019-08-06,6942.4501953125,6956.5,6801.89990234375,6802.0498046875,1027100
2019-08-07,6792.60009765625,6964.14990234375,6768.89990234375,6951.14990234375,1016700
2019-08-08,6998.4501953125,7019.25,6784.7998046875,6792.39990234375,1066900
2019-08-09,7137.39990234375,7175.10009765625,7005.75,7032.64990234375,1433800
2019-08-13,6855.75,7137.25,6840.2998046875,7137.25,1048600
2019-08-14,6919.0498046875,6985.85009765625,6811.0,6876.9501953125,950700
2019-08-16,6998.4501953125,7013.75,6772.10009765625,6883.7001953125,976200
2019-08-19,6959.14990234375,7042.9501953125,6938.5,7019.14990234375,693100
2019-08-20,7040.5,7067.85009765625,6940.60009765625,6979.39990234375,774900
2019-08-21,7001.85009765625,7094.25,6967.60009765625,7053.0498046875,1421500
2019-08-22,6882.10009765625,6991.5498046875,6864.9501953125,6990.0498046875,1293200
2019-08-23,6988.35009765625,7003.7998046875,6801.0,6864.0,1131200
2019-08-26,7022.75,7202.7001953125,6871.0498046875,7202.7001953125,1648700
2019-08-27,7152.9501953125,7185.0,7055.89990234375,7069.7001953125,1725300
2019-08-28,7018.5498046875,7186.10009765625,6985.2998046875,7148.2001953125,1349200
2019-08-29,6970.14990234375,7043.89990234375,6944.10009765625,7000.60009765625,925500
2019-08-30,7009.2998046875,7029.14990234375,6901.64990234375,7004.5,881800
2019-09-03,6897.75,6962.75,6884.75,6921.75,1075800
2019-09-04,6782.0498046875,6932.64990234375,6744.75,6902.9501953125,1500000
2019-09-05,6921.75,6935.0,6786.10009765625,6788.39990234375,1363100
2019-09-06,7102.4501953125,7119.14990234375,6920.35009765625,6947.9501953125,1294400
2019-09-09,7165.35009765625,7178.60009765625,6992.85009765625,7023.89990234375,1084600
2019-09-11,7423.60009765625,7443.89990234375,7177.89990234375,7193.14990234375,2064500
2019-09-12,7284.0,7459.14990234375,7270.64990234375,7420.5498046875,1346100
2019-09-13,7360.60009765625,7372.75,7249.75,7307.75,1464300
2019-09-16,7300.64990234375,7384.64990234375,7263.39990234375,7286.75,846800
2019-09-17,7020.75,7324.7001953125,7004.35009765625,7308.64990234375,1169600
2019-09-18,7012.10009765625,7111.5498046875,6924.2001953125,7068.14990234375,1258900
2019-09-19,6920.60009765625,7051.75,6886.85009765625,7033.7001953125,1010600
2019-09-20,7605.85009765625,7778.14990234375,6936.2001953125,6955.5498046875,2890000
2019-09-23,7802.64990234375,7939.25,7654.39990234375,7714.0,2032800
2019-09-24,7773.25,7921.39990234375,7700.64990234375,7854.10009765625,1454900
2019-09-25,7470.4501953125,7747.7001953125,7437.64990234375,7747.7001953125,1384500
2019-09-26,7659.75,7680.10009765625,7491.0498046875,7501.4501953125,1285000
2019-09-27,7554.25,7648.85009765625,7528.2998046875,7628.5498046875,990400
2019-09-30,7493.14990234375,7572.10009765625,7395.5,7568.25,1033300
2019-10-01,7464.10009765625,7593.7001953125,7353.7998046875,7513.0498046875,1122600
2019-10-03,7493.75,7521.9501953125,7431.75,7458.39990234375,1323600
2019-10-04,7404.89990234375,7578.60009765625,7381.75,7530.75,1155400
2019-10-07,7355.4501953125,7397.0,7296.5,7385.85009765625,909400
2019-10-09,7460.75,7473.2998046875,7331.64990234375,7363.89990234375,1210400
2019-10-10,7359.64990234375,7445.7998046875,7332.9501953125,7440.7998046875,939500
2019-10-11,7397.0498046875,7457.85009765625,7322.2998046875,7386.64990234375,908300
2019-10-14,7520.35009765625,7559.60009765625,7397.7998046875,7401.5,1259400
2019-10-15,7688.25,7701.9501953125,7510.10009765625,7522.0,1162900
2019-10-16,7673.7998046875,7720.39990234375,7642.7998046875,7709.7998046875,953700
2019-10-17,7914.0,7954.2001953125,7655.5,7676.5498046875,1632800
2019-10-18,7964.75,8007.14990234375,7848.9501953125,7900.14990234375,1559300
2019-10-22,7936.64990234375,8027.7998046875,7920.0,7961.14990234375,1130600
2019-10-23,8036.60009765625,8071.14990234375,7879.39990234375,7915.60009765625,1063400
2019-10-24,8012.39990234375,8103.10009765625,7965.5498046875,8060.35009765625,980400
2019-10-25,7986.35009765625,8034.35009765625,7927.75,8032.4501953125,922200
2019-10-29,8449.75,8479.0498046875,8128.5,8133.25,3139000
2019-10-30,8428.900390625,8501.150390625,8360.75,8501.150390625,1581000
2019-10-31,8449.5,8499.7001953125,8427.75,8457.4501953125,1560900
2019-11-01,8392.900390625,8499.099609375,8367.2998046875,8461.650390625,1071500
2019-11-04,8280.349609375,8417.7998046875,8266.650390625,8377.099609375,889500
2019-11-05,8256.150390625,8381.2001953125,8227.849609375,8288.75,933200
2019-11-06,8258.849609375,8304.099609375,8195.599609375,8273.2998046875,960000
2019-11-07,8239.900390625,8276.25,8164.89990234375,8273.75,870300
2019-11-08,8169.64990234375,8337.2998046875,8157.39990234375,8220.2001953125,1094700
2019-11-11,8159.0,8209.2998046875,8115.9501953125,8134.10009765625,1447900
2019-11-13,8150.2001953125,8211.650390625,8135.10009765625,8146.5498046875,1208200
2019-11-14,8190.89990234375,8205.0498046875,8125.0,8155.9501953125,772400
2019-11-15,8153.89990234375,8297.150390625,8130.2001953125,8259.75,1083900
2019-11-18,8119.0,8188.85009765625,8105.75,8179.14990234375,727400
2019-11-19,8063.9501953125,8152.7998046875,8052.0498046875,8150.89990234375,640300
2019-11-20,8083.7998046875,8132.60009765625,8039.7998046875,8088.0498046875,742100
2019-11-21,8004.64990234375,8121.0498046875,7998.75,8082.39990234375,733800
2019-11-22,8034.9501953125,8047.14990234375,7973.35009765625,8015.5,690200
2019-11-25,8174.75,8189.60009765625,8024.10009765625,8045.0,675200
2019-11-26,8099.89990234375,8227.0,8085.5,8197.349609375,899700
2019-11-27,8202.849609375,8247.650390625,8157.10009765625,8160.60009765625,1012700
2019-11-28,8179.75,8223.150390625,8150.2001953125,8213.9501953125,541100
2019-11-29,8086.0,8182.4501953125,8066.9501953125,8172.7998046875,758100
2019-12-02,8012.75,8087.35009765625,7995.14990234375,8070.7001953125,696000
2019-12-03,7964.25,8055.25,7931.75,8021.64990234375,567400
2019-12-04,7996.5498046875,8043.89990234375,7916.9501953125,7946.64990234375,1174200
2019-12-05,7941.7998046875,8045.5,7928.14990234375,8015.2998046875,643000
2019-12-06,7806.60009765625,7971.7998046875,7781.0498046875,7964.2001953125,725200
2019-12-09,7863.2998046875,7950.5498046875,7826.2998046875,7853.75,724500
2019-12-10,7801.35009765625,7902.7998046875,7778.5,7888.7001953125,580000
2019-12-11,7838.39990234375,7846.64990234375,7773.60009765625,7823.2998046875,533100
2019-12-12,7941.7001953125,7967.25,7866.0498046875,7878.39990234375,1103200
2019-12-13,8069.7001953125,8090.75,7986.64990234375,7989.5498046875,1673200
2019-12-16,7990.7998046875,8109.0498046875,7981.9501953125,8087.75,613200
2019-12-17,8039.89990234375,8068.10009765625,8013.85009765625,8028.10009765625,741500
2019-12-18,8082.35009765625,8111.9501953125,8039.25,8061.0,1181900
2019-12-19,8165.5,8183.5498046875,8058.39990234375,8082.2001953125,1108100
2019-12-20,8133.5498046875,8219.599609375,8121.2001953125,8169.89990234375,1015300
2019-12-23,8180.5,8212.4501953125,8120.75,8137.85009765625,666300
2019-12-24,8152.60009765625,8228.4501953125,8142.60009765625,8206.099609375,496900
2019-12-26,8129.64990234375,8176.2998046875,8120.4501953125,8166.35009765625,503000
2019-12-27,8205.900390625,8226.25,8145.39990234375,8155.39990234375,453400
2019-12-30,8325.400390625,8337.900390625,8218.7998046875,8232.0498046875,854100
2019-12-31,8248.2998046875,8327.599609375,8236.849609375,8326.4501953125,937900
2020-01-01,8210.099609375,8276.7998046875,8200.25,8262.5,482100
2020-01-02,8267.4501953125,8275.0498046875,8206.849609375,8226.599609375,1032000
2020-01-03,8168.14990234375,8261.650390625,8136.7998046875,8261.5,828600
2020-01-06,7978.75,8134.5,7967.2001953125,8132.64990234375,674500
2020-01-07,8002.5,8097.7001953125,7961.2001953125,8029.89990234375,749700
2020-01-08,7942.75,8002.89990234375,7900.7998046875,7921.64990234375,520200
2020-01-09,8155.25,8165.89990234375,8022.35009765625,8035.4501953125,910500
2020-01-10,8225.5,8246.7001953125,8147.64990234375,8177.5498046875,1066800
2020-01-13,8235.849609375,8262.2998046875,8192.0498046875,8244.25,724000
2020-01-14,8289.2998046875,8297.7001953125,8216.5498046875,8234.2001953125,712900
2020-01-15,8385.349609375,8395.7001953125,8246.400390625,8287.599609375,881100
2020-01-16,8395.900390625,8414.349609375,8373.650390625,8385.2998046875,719500
2020-01-17,8427.599609375,8463.25,8369.7001953125,8401.9501953125,537300
2020-01-20,8352.7001953125,8459.4501953125,8343.400390625,8436.900390625,711200
2020-01-21,8245.900390625,8325.7998046875,8229.2998046875,8321.25,700
2020-01-22,8169.14990234375,8294.0498046875,8147.14990234375,8278.5498046875,700
2020-01-23,8241.75,8251.849609375,8145.7998046875,8176.75,656600
2020-01-24,8274.849609375,8324.400390625,8234.9501953125,8246.4501953125,580800
2020-01-27,8258.150390625,8347.900390625,8189.0,8243.349609375,635200
2020-01-28,8156.0498046875,8340.4501953125,8125.89990234375,8290.099609375,809500
2020-01-29,8220.400390625,8264.599609375,8179.25,8200.7001953125,907900
2020-01-30,8181.4501953125,8267.5498046875,8148.2001953125,8239.650390625,1181200
2020-01-31,8086.5498046875,8238.75,8072.9501953125,8211.599609375,1296800
2020-02-03,7988.35009765625,8016.7998046875,7816.35009765625,7826.0,1272700
2020-02-04,8100.7998046875,8142.10009765625,7997.85009765625,8026.60009765625,1046900
2020-02-05,8131.7001953125,8212.2001953125,8064.7001953125,8138.2998046875,1721800
2020-02-06,8142.14990234375,8189.2001953125,8092.5498046875,8158.7998046875,1169800
2020-02-07,8064.60009765625,8173.60009765625,8042.2001953125,8172.35009765625,969900
2020-02-10,7860.5498046875,8067.35009765625,7820.2998046875,8065.39990234375,1206400
2020-02-11,7892.39990234375,7969.2998046875,7881.35009765625,7923.0,847800
2020-02-12,7933.7998046875,7961.10009765625,7905.75,7932.2998046875,711000
2020-02-13,7914.89990234375,7933.39990234375,7873.75,7930.25,877500
2020-02-14,7822.2001953125,7977.14990234375,7807.2998046875,7933.60009765625,957200
2020-02-17,7770.5,7833.60009765625,7742.4501953125,7833.14990234375,679900
2020-02-18,7692.2998046875,7758.0,7620.5,7758.0,945900
2020-02-19,7687.35009765625,7769.39990234375,7606.25,7754.35009765625,1159800
2020-02-20,7697.89990234375,7756.35009765625,7667.85009765625,7687.5,1042600
2020-02-24,7429.10009765625,7644.0498046875,7414.0,7644.0498046875,891100
2020-02-25,7366.0,7485.14990234375,7339.89990234375,7452.75,1280000
2020-02-26,7207.9501953125,7328.2001953125,7178.5,7306.2998046875,1164600
2020-02-27,7178.85009765625,7202.0498046875,7090.4501953125,7200.14990234375,1207900
2020-02-28,6903.9501953125,7017.60009765625,6883.35009765625,7008.10009765625,1858700
2020-03-02,6856.89990234375,7047.60009765625,6813.2001953125,6993.2001953125,2057200
2020-03-03,6986.64990234375,7022.25,6846.7001953125,6889.4501953125,1446000
2020-03-04,6938.85009765625,7019.5498046875,6775.7998046875,6990.85009765625,1744000
2020-03-05,6953.75,7013.64990234375,6892.75,6966.2998046875,1633900
2020-03-06,6895.0,6918.85009765625,6661.9501953125,6712.2001953125,1309000
2020-03-09,6632.14990234375,6758.7001953125,6498.7998046875,6703.4501953125,1337000
2020-03-11,6568.4501953125,6714.75,6539.75,6614.14990234375,1723200
2020-03-12,6033.39990234375,6299.89990234375,5953.2001953125,6299.89990234375,2822100
2020-03-13,6182.0,6292.85009765625,5265.7998046875,5641.5498046875,2033400
2020-03-16,5843.7001953125,6041.35009765625,5826.10009765625,5970.14990234375,1402500
2020-03-17,5803.85009765625,6020.7001953125,5767.5,5858.2998046875,1260300
2020-03-18,5516.5,5896.85009765625,5491.0,5873.10009765625,1256200
2020-03-19,5180.5,5429.5,5042.89990234375,5217.9501953125,2027400
2020-03-20,5370.14990234375,5423.2001953125,5154.10009765625,5230.2001953125,2298300
2020-03-23,4626.5,5013.85009765625,4593.0498046875,4908.14990234375,1206400
2020-03-24,4693.35009765625,4850.85009765625,4452.2001953125,4726.39990234375,1467100
2020-03-25,4936.14990234375,5001.89990234375,4577.14990234375,4600.0498046875,1474400
2020-03-26,5061.2998046875,5163.7001953125,4847.14990234375,4981.89990234375,2088100
2020-03-27,4938.7001953125,5284.75,4866.0498046875,5245.60009765625,1755200
2020-03-30,4669.14990234375,4848.0,4625.5,4834.14990234375,956000
2020-03-31,4731.2998046875,4794.2998046875,4630.2001953125,4787.7998046875,1115800
2020-04-01,4657.5498046875,4803.5498046875,4612.7001953125,4708.9501953125,1081100
2020-04-03,4517.75,4659.7998046875,4511.10009765625,4652.75,1041600
2020-04-07,4951.5498046875,4970.85009765625,4656.5,4665.10009765625,1400800
2020-04-08,5043.60009765625,5257.0,4830.39990234375,4833.0,2196400
2020-04-09,5568.4501953125,5607.35009765625,5146.39990234375,5160.85009765625,2261800
2020-04-13,5432.10009765625,5554.39990234375,5308.85009765625,5554.39990234375,1535600
2020-04-15,5333.0,5592.7998046875,5314.25,5495.5498046875,2214700
2020-04-16,5394.14990234375,5420.39990234375,5235.64990234375,5271.25,1684700
2020-04-17,5668.89990234375,5702.64990234375,5507.75,5586.39990234375,1966100
2020-04-20,5591.0,5728.4501953125,5565.9501953125,5724.89990234375,2287900
2020-04-21,5294.0498046875,5447.89990234375,5268.14990234375,5447.89990234375,1469300
2020-04-22,5426.85009765625,5468.25,5243.60009765625,5267.7998046875,1447500
2020-04-23,5464.75,5518.7001953125,5390.9501953125,5439.10009765625,1092400
2020-04-24,5377.25,5462.5,5362.85009765625,5405.89990234375,881800
2020-04-27,5433.2001953125,5528.7998046875,5405.7001953125,5458.64990234375,1061500
2020-04-28,5447.10009765625,5524.0498046875,5399.2998046875,5476.85009765625,990400
2020-04-29,5543.75,5568.0,5461.0498046875,5492.0,2000100
2020-04-30,5901.39990234375,5926.5,5660.5498046875,5667.35009765625,3370800
2020-05-04,5476.2001953125,5652.7998046875,5436.0498046875,5647.85009765625,1770700
2020-05-05,5451.89990234375,5602.10009765625,5442.75,5582.14990234375,1613600
2020-05-06,5552.39990234375,5593.2998046875,5351.2001953125,5471.60009765625,1422200
2020-05-07,5519.0,5616.39990234375,5505.4501953125,5549.9501953125,1010100
2020-05-08,5447.75,5623.75,5424.7998046875,5622.7001953125,1209200
2020-05-11,5679.7001953125,5789.7001953125,5514.39990234375,5517.60009765625,3018600
2020-05-12,5708.9501953125,5735.64990234375,5502.7998046875,5653.60009765625,1644500
2020-05-13,5844.60009765625,6033.9501953125,5815.5,6014.2001953125,1792600
2020-05-14,5804.0498046875,5865.9501953125,5668.39990234375,5698.5498046875,1097800
2020-05-15,5745.7001953125,5827.14990234375,5680.25,5823.2998046875,1242300
2020-05-18,5430.0498046875,5752.14990234375,5411.9501953125,5747.5,1424200
2020-05-19,5486.14990234375,5575.60009765625,5456.10009765625,5538.64990234375,1422000
2020-05-20,5603.7998046875,5632.4501953125,5436.35009765625,5464.85009765625,1162200
2020-05-21,5749.89990234375,5784.2998046875,5588.35009765625,5616.9501953125,1300600
2020-05-22,5767.0,5789.25,5639.64990234375,5707.25,1012100
2020-05-26,5854.2998046875,5872.75,5775.39990234375,5817.2001953125,1124100
2020-05-27,5896.9501953125,5910.75,5791.25,5872.4501953125,1399300
2020-05-28,6112.2998046875,6131.35009765625,5876.39990234375,5922.14990234375,2494100
2020-05-29,6218.7998046875,6246.9501953125,6016.0,6036.4501953125,3304100
2020-06-01,6419.5,6485.85009765625,6294.0498046875,6299.0498046875,2271700
2020-06-02,6471.2998046875,6542.64990234375,6395.5,6455.7998046875,3130300
2020-06-03,6498.64990234375,6622.10009765625,6475.2998046875,6567.9501953125,2032500
2020-06-04,6511.35009765625,6564.9501953125,6411.25,6501.64990234375,1749700
2020-06-05,6628.75,6645.14990234375,6527.0,6563.7998046875,3189600
2020-06-08,6610.5498046875,6743.14990234375,6588.5,6707.9501953125,3484800
2020-06-09,6577.7001953125,6665.75,6525.25,6648.9501953125,2152800
2020-06-10,6502.64990234375,6598.5,6470.5,6568.7998046875,1878900
2020-06-11,6373.60009765625,6549.89990234375,6345.7998046875,6491.9501953125,1381200
2020-06-12,6559.39990234375,6578.39990234375,6074.14990234375,6075.2998046875,2074100
2020-06-15,6443.0,6573.2001953125,6417.75,6530.75,1684700
2020-06-16,6451.0498046875,6582.64990234375,6355.75,6561.2001953125,2978100
2020-06-17,6503.5,6545.5,6394.4501953125,6418.85009765625,2109400
2020-06-18,6535.89990234375,6557.0498046875,6454.64990234375,6487.10009765625,1129200
2020-06-19,6634.5,6664.75,6500.14990234375,6567.7998046875,2573600
2020-06-22,6729.10009765625,6753.0498046875,6636.5,6656.2998046875,1544100
2020-06-23,6789.2001953125,6817.64990234375,6744.10009765625,6763.0498046875,1631200
2020-06-24,6742.7998046875,6935.75,6727.39990234375,6854.25,2374000
2020-06-25,6737.85009765625,6791.75,6645.14990234375,6681.75,1559500
2020-06-26,6731.4501953125,6808.7998046875,6705.0,6807.39990234375,1653500
2020-06-29,6645.85009765625,6728.64990234375,6605.5,6685.85009765625,1569300
2020-06-30,6719.14990234375,6753.5,6670.89990234375,6718.39990234375,1561800
2020-07-01,6718.60009765625,6785.2998046875,6702.5,6743.35009765625,1445900
2020-07-02,6907.10009765625,6923.89990234375,6751.9501953125,6761.0,1726600
2020-07-03,6971.0498046875,6992.2998046875,6903.10009765625,6921.7001953125,2452000
2020-07-06,7171.75,7193.5498046875,6993.7998046875,7029.5,2204900
2020-07-07,7199.5498046875,7217.7001953125,7099.5,7172.35009765625,1777200
2020-07-08,7059.35009765625,7252.10009765625,7037.89990234375,7225.14990234375,1441100
2020-07-09,7085.60009765625,7112.0498046875,7022.2001953125,7101.89990234375,1062900
2020-07-10,7041.10009765625,7158.2001953125,7020.2998046875,7066.0,1282000
2020-07-13,7084.4501953125,7139.85009765625,7035.89990234375,7094.14990234375,1365800
2020-07-14,6916.0,7050.10009765625,6883.7001953125,7047.64990234375,1077200
2020-07-15,6931.0498046875,7003.5498046875,6910.2001953125,6960.39990234375,1126600
2020-07-16,7015.89990234375,7027.25,6853.75,6940.75,1081100
2020-07-17,7137.2998046875,7154.75,7016.85009765625,7039.5498046875,1193400
2020-07-20,7175.85009765625,7183.2001953125,7105.5498046875,7161.7001953125,1047300
2020-07-21,7295.75,7317.5498046875,7198.25,7209.0,1443400
2020-07-22,7203.9501953125,7306.75,7154.14990234375,7301.0,1194900
2020-07-23,7301.0498046875,7313.0,7172.39990234375,7205.7998046875,771200
2020-07-24,7218.64990234375,7271.0,7178.85009765625,7228.39990234375,1070700
2020-07-27,7186.4501953125,7238.60009765625,7121.9501953125,7233.89990234375,786100
2020-07-28,7416.89990234375,7438.0498046875,7185.25,7193.14990234375,1407200
2020-07-29,7330.25,7464.14990234375,7299.7001953125,7425.75,1033600
2020-07-30,7287.85009765625,7398.89990234375,7270.5498046875,7340.7998046875,1014200
2020-07-31,7279.75,7328.5,7225.75,7311.4501953125,861600
2020-08-03,7240.25,7469.10009765625,7224.7998046875,7323.64990234375,2779400
2020-08-04,7353.9501953125,7381.64990234375,7273.2001953125,7282.4501953125,1835800
2020-08-05,7489.10009765625,7511.7998046875,7392.2001953125,7397.0,1797700
2020-08-06,7498.25,7532.39990234375,7433.10009765625,7521.9501953125,1202000
2020-08-07,7554.4501953125,7598.2998046875,7468.2001953125,7484.9501953125,1556800
2020-08-10,7621.2998046875,7688.7001953125,7577.5,7593.7001953125,1736100
2020-08-11,7630.35009765625,7699.0498046875,7618.2998046875,7675.39990234375,1542300
2020-08-12,7785.0498046875,7808.10009765625,7586.75,7613.75,2022800
2020-08-13,7879.75,7896.10009765625,7757.0498046875,7801.10009765625,4226700
2020-08-14,7677.64990234375,7898.89990234375,7657.9501953125,7888.64990234375,2855900
2020-08-17,7865.5498046875,7879.5498046875,7667.75,7757.60009765625,1895300
2020-08-18,7941.85009765625,7979.2998046875,7878.2998046875,7879.5,1995200
2020-08-19,7941.35009765625,8029.75,7927.60009765625,7987.14990234375,2201600
2020-08-20,7911.60009765625,7948.5,7844.64990234375,7878.7001953125,1755900
2020-08-21,7934.7001953125,7995.35009765625,7910.5498046875,7994.89990234375,1365600
2020-08-24,7948.39990234375,8062.9501953125,7932.5,7972.7001953125,1154200
2020-08-25,7983.60009765625,8034.39990234375,7933.2001953125,7997.0,1639700
2020-08-26,8100.5,8143.25,8074.25,8096.60009765625,2757700
2020-08-27,8183.0,8198.5,8080.7001953125,8141.0498046875,2603000
2020-08-28,8111.85009765625,8223.599609375,8101.0498046875,8209.099609375,1718100
2020-08-31,7840.35009765625,8177.0,7814.0,8161.75,2509100
2020-09-01,7885.9501953125,7972.5498046875,7824.14990234375,7872.2001953125,1308200
2020-09-02,7976.9501953125,8004.25,7799.4501953125,7895.14990234375,1406900
2020-09-03,8049.5498046875,8097.89990234375,8008.0,8012.75,1753600
2020-09-04,7996.5498046875,8128.4501953125,7890.4501953125,7916.7998046875,1963000
2020-09-07,7957.85009765625,8062.35009765625,7906.64990234375,8039.2998046875,1509800
2020-09-08,7888.0,7995.64990234375,7867.85009765625,7975.2001953125,1245800
2020-09-09,7903.10009765625,7926.7998046875,7780.2998046875,7836.7998046875,1744500
2020-09-10,7945.0,7980.10009765625,7873.0,7962.5498046875,1334100
2020-09-11,7956.7998046875,7995.25,7930.7998046875,7953.25,1147900
2020-09-14,8035.35009765625,8094.39990234375,7955.10009765625,7998.4501953125,2224200
2020-09-15,8033.5,8074.10009765625,7997.7998046875,8067.7998046875,1576200
2020-09-16,8156.2001953125,8220.400390625,8041.0,8055.0,2102800
2020-09-17,8128.64990234375,8145.60009765625,8041.85009765625,8106.10009765625,1122500
2020-09-18,8161.7001953125,8221.2998046875,8125.4501953125,8180.25,1706600
2020-09-21,7832.2001953125,8176.2998046875,7791.64990234375,8170.10009765625,1607800
2020-09-22,7695.25,7846.2001953125,7600.2998046875,7837.89990234375,2138900
2020-09-23,7690.89990234375,7793.0,7609.5498046875,7748.25,1588600
2020-09-24,7418.85009765625,7614.0498046875,7398.35009765625,7598.10009765625,1610300
2020-09-25,7669.5,7686.39990234375,7477.5,7505.5,2051100
2020-09-28,7902.5498046875,7918.2001953125,7734.14990234375,7750.2998046875,1720200
2020-09-29,7925.2001953125,8024.0,7861.10009765625,7950.89990234375,1579700
2020-09-30,7908.10009765625,7974.89990234375,7887.85009765625,7935.10009765625,1065800
2020-10-01,7966.10009765625,8089.0498046875,7953.89990234375,7985.35009765625,1087600
2020-10-05,7957.9501953125,8061.64990234375,7878.2998046875,8055.75,1210800
2020-10-06,8058.10009765625,8098.5498046875,7991.35009765625,8026.10009765625,2379100
2020-10-07,8170.0498046875,8184.14990234375,8039.89990234375,8076.85009765625,1308400
2020-10-08,8183.7001953125,8236.5498046875,8125.64990234375,8209.7998046875,1096200
2020-10-09,8163.5,8260.400390625,8132.10009765625,8191.5,917300
2020-10-12,8102.5,8211.849609375,8068.25,8208.900390625,1043500
2020-10-13,8052.85009765625,8135.2001953125,8038.25,8099.2998046875,930400
2020-10-14,8031.0498046875,8065.89990234375,7968.39990234375,8043.35009765625,1034400
2020-10-15,7935.35009765625,8120.25,7909.0,8043.0498046875,1624000
2020-10-16,7959.4501953125,8036.5,7932.5498046875,7955.64990234375,1360900
2020-10-19,7870.35009765625,8027.0,7844.60009765625,8025.25,835900
2020-10-20,7896.7001953125,7946.5,7824.75,7858.2998046875,731000
2020-10-21,7878.0498046875,7991.9501953125,7784.35009765625,7955.25,971600
2020-10-22,7864.14990234375,7888.60009765625,7810.89990234375,7857.0,1370000
2020-10-23,8094.60009765625,8119.10009765625,7883.75,7917.4501953125,2016700
2020-10-26,7833.64990234375,8135.35009765625,7801.2998046875,8111.89990234375,1701000
2020-10-27,7930.64990234375,7963.85009765625,7765.75,7868.10009765625,1536200
2020-10-28,7922.75,8069.25,7884.39990234375,7979.14990234375,2493600
2020-10-29,7846.75,7894.75,7790.85009765625,7843.75,1263000
2020-10-30,7758.39990234375,7895.4501953125,7707.89990234375,7848.75,1325300
2020-11-02,7732.25,7840.10009765625,7686.85009765625,7821.7998046875,987500
2020-11-03,7848.85009765625,7885.85009765625,7756.14990234375,7789.5498046875,1296200
2020-11-04,7901.75,7946.4501953125,7827.25,7852.4501953125,1039300
2020-11-05,7995.5,8005.89990234375,7918.60009765625,7974.39990234375,914000
2020-11-06,8006.10009765625,8096.7001953125,7973.60009765625,8009.5,1371700
2020-11-09,8067.64990234375,8085.75,7992.0498046875,8075.2001953125,1171200
2020-11-10,8127.25,8153.9501953125,8045.89990234375,8153.60009765625,2366400
2020-11-11,8255.2001953125,8300.650390625,8143.0,8171.9501953125,1828100
2020-11-12,8284.0498046875,8352.099609375,8234.75,8256.349609375,1297000
2020-11-13,8308.900390625,8347.599609375,8251.7998046875,8282.75,1036200
2020-11-17,8425.5498046875,8437.4501953125,8339.349609375,8389.2998046875,1475200
2020-11-18,8686.599609375,8716.25,8421.2998046875,8426.599609375,3027300
2020-11-19,8628.2998046875,8807.599609375,8594.75,8646.849609375,2089900
2020-11-20,8684.75,8712.150390625,8572.099609375,8661.7998046875,1594100
2020-11-23,8738.599609375,8767.7998046875,8651.099609375,8744.349609375,1410700
2020-11-24,8887.9501953125,8942.150390625,8767.650390625,8776.650390625,1191100
2020-11-25,8738.4501953125,8961.099609375,8708.75,8951.5498046875,1215100
2020-11-26,8767.75,8823.7001953125,8682.0,8757.599609375,1074800
2020-11-27,8891.599609375,8972.5498046875,8808.349609375,8829.0498046875,2640600
2020-12-01,8987.150390625,8999.75,8855.0498046875,8999.75,1275600
2020-12-02,9093.7001953125,9103.900390625,8985.9501953125,9010.5,1511500
2020-12-03,9245.2998046875,9256.900390625,9123.25,9150.7001953125,1049600
2020-12-04,9302.2001953125,9408.75,9207.5,9290.650390625,1186400
2020-12-07,9311.099609375,9339.900390625,9260.599609375,9313.0498046875,746600
2020-12-08,9297.849609375,9456.650390625,9235.75,9330.4501953125,953900
2020-12-09,9293.2998046875,9345.0498046875,9283.150390625,9331.7001953125,886400
2020-12-10,9200.849609375,9332.7001953125,9173.25,9286.5498046875,807300
2020-12-11,9188.9501953125,9274.5498046875,9133.650390625,9234.849609375,926400
2020-12-14,9093.099609375,9251.2998046875,9074.900390625,9248.650390625,776800
2020-12-15,9149.75,9168.7001953125,9052.0498046875,9078.25,882600
2020-12-16,9239.099609375,9290.9501953125,9207.400390625,9239.4501953125,1580100
2020-12-17,9185.2001953125,9288.0,9146.400390625,9265.7001953125,1053800
2020-12-18,9168.650390625,9200.849609375,9091.7998046875,9180.25,1023800
2020-12-21,8745.0,9132.650390625,8560.2001953125,9128.349609375,1537200
2020-12-22,8818.599609375,8854.400390625,8540.9501953125,8754.400390625,2011000
2020-12-23,8935.9501953125,8955.75,8786.4501953125,8825.7001953125,1109800
2020-12-24,8978.0498046875,9052.7001953125,8937.4501953125,8966.4501953125,1180300
2020-12-28,9066.849609375,9102.7001953125,9029.349609375,9035.849609375,1353000
2020-12-29,9043.900390625,9128.849609375,8997.2998046875,9109.9501953125,1135300
2020-12-30,9164.7998046875,9189.9501953125,9001.400390625,9077.150390625,798900
2020-12-31,9193.5,9216.650390625,9155.599609375,9174.4501953125,1008300
2021-01-04,9417.9501953125,9434.349609375,9267.5,9346.150390625,1641300
2021-01-05,9416.0498046875,9431.0,9293.4501953125,9356.900390625,1361400
2021-01-06,9379.5498046875,9484.0498046875,9279.0498046875,9424.5,1301900
2021-01-07,9429.650390625,9530.599609375,9406.0498046875,9453.650390625,1620000
2021-01-08,9741.25,9767.099609375,9478.2998046875,9491.4501953125,1301800
2021-01-11,9995.599609375,10028.75,9693.7001953125,9789.7998046875,2667800
2021-01-12,10119.849609375,10259.099609375,9975.0498046875,9991.4501953125,5244300
2021-01-13,10208.5498046875,10269.900390625,10120.25,10166.150390625,2784400
2021-01-14,10238.2998046875,10285.25,10148.9501953125,10237.2998046875,1438200
2021-01-15,10178.2998046875,10287.4501953125,10092.0498046875,10241.7001953125,3191800
2021-01-18,9961.099609375,10173.7998046875,9863.900390625,10162.900390625,2432700
2021-01-19,10136.7998046875,10166.2001953125,10008.75,10033.349609375,1891700
2021-01-20,10369.25,10387.7998046875,10118.4501953125,10140.7998046875,2666900
2021-01-21,10367.75,10596.900390625,10282.25,10432.5498046875,3484200
2021-01-25,10433.5,10692.150390625,10337.400390625,10649.7998046875,2292900
2021-01-27,10210.25,10457.900390625,10161.2998046875,10410.25,2122600
2021-01-28,10105.599609375,10312.150390625,10056.9501953125,10065.9501953125,1866200
2021-01-29,9813.150390625,10308.900390625,9776.900390625,10221.849609375,2428400
2021-02-01,10227.9501953125,10262.099609375,9726.5498046875,9919.099609375,2642500
2021-02-02,10638.599609375,10689.9501953125,10383.5498046875,10427.0498046875,3787800
2021-02-03,10749.150390625,10860.0498046875,10626.4501953125,10754.0,3260300
2021-02-04,10867.099609375,10988.349609375,10732.2001953125,10763.599609375,2121400
2021-02-05,10723.9501953125,10987.0498046875,10649.0,10958.900390625,1743200
2021-02-08,11061.150390625,11077.849609375,10818.400390625,10830.099609375,2051500
2021-02-09,10907.599609375,11093.150390625,10855.25,11087.400390625,1763300
2021-02-10,11010.849609375,11049.7001953125,10822.5,10922.900390625,2033100
2021-02-11,10965.25,11057.099609375,10878.349609375,10947.5,1372000
2021-02-12,10912.25,10989.9501953125,10835.5498046875,10951.599609375,2924300
2021-02-16,10944.900390625,11034.0498046875,10881.400390625,11005.5,1458800
2021-02-18,10827.0,11027.7998046875,10787.7001953125,11027.7998046875,1200400
2021-02-19,10540.349609375,10786.4501953125,10450.5498046875,10785.0498046875,1601900
2021-02-22,10300.0,10559.9501953125,10241.25,10559.7998046875,1378700
2021-02-23,10379.5498046875,10423.25,10205.849609375,10343.5498046875,2121400
2021-02-24,10405.5,10513.349609375,10325.5498046875,10410.2001953125,854400
2021-02-25,10497.9501953125,10537.5498046875,10411.150390625,10488.599609375,1255300
2021-02-26,10169.900390625,10450.9501953125,10110.5,10368.75,1712100
2021-03-01,10411.7998046875,10472.7001953125,10292.75,10304.25,1617400
2021-03-02,10744.0498046875,10766.7001953125,10419.75,10491.7998046875,2038500
2021-03-03,10673.099609375,10820.400390625,10640.150390625,10819.0498046875,1450800
2021-03-04,10625.75,10710.099609375,10514.2998046875,10559.400390625,1103500
2021-03-05,10524.400390625,10663.75,10488.849609375,10558.150390625,1435500
2021-03-08,10507.349609375,10632.099609375,10488.400390625,10597.7998046875,1299600
2021-03-09,10464.25,10621.4501953125,10381.599609375,10572.650390625,1287800
2021-03-10,10559.2998046875,10613.599609375,10511.150390625,10525.75,1053200
2021-03-12,10383.900390625,10624.349609375,10313.349609375,10603.150390625,931600
2021-03-15,10335.099609375,10450.2001953125,10178.25,10446.75,929900
2021-03-16,10350.7998046875,10401.25,10301.7001953125,10378.2998046875,100
2021-03-17,10159.099609375,10378.7998046875,10133.900390625,10369.75,100
2021-03-18,10143.9501953125,10345.2001953125,10039.5498046875,10251.9501953125,1494000
2021-03-19,10186.5,10207.150390625,9841.650390625,10067.150390625,1931700
2021-03-22,10140.4501953125,10226.7998046875,10069.4501953125,10176.2998046875,977600
2021-03-23,10187.650390625,10265.0,10167.2001953125,10183.650390625,1047600
2021-03-24,9925.25,10164.349609375,9897.849609375,10116.7001953125,1096400
2021-03-25,9651.349609375,9924.349609375,9605.0498046875,9916.599609375,1670200
2021-03-26,9771.5,9853.849609375,9749.400390625,9766.400390625,1328800
2021-03-30,9865.0,9885.9501953125,9749.349609375,9835.849609375,946400
2021-03-31,9862.4501953125,9946.9501953125,9812.25,9866.0,987000
2021-04-01,10022.599609375,10044.599609375,9889.7001953125,9967.849609375,939800
2021-04-05,9768.0498046875,9991.2998046875,9688.400390625,9988.099609375,1154100
2021-04-06,9781.349609375,9881.2001953125,9755.099609375,9836.849609375,982800
2021-04-07,9937.0,9950.5498046875,9761.150390625,9790.0,836500
2021-04-08,9959.349609375,10083.2998046875,9933.099609375,9992.2998046875,1439900
2021-04-09,9922.9501953125,10032.849609375,9885.599609375,9961.5498046875,1242200
2021-04-12,9415.650390625,9738.349609375,9345.2001953125,9738.349609375,1713100
2021-04-13,9818.2998046875,9845.5,9406.400390625,9438.2001953125,1824100
2021-04-15,9691.4501953125,9817.0,9558.7001953125,9787.849609375,1248000
2021-04-16,9808.9501953125,9926.4501953125,9679.5,9691.2998046875,1235300
2021-04-19,9532.150390625,9562.9501953125,9395.25,9476.650390625,1271300
2021-04-20,9630.7001953125,9738.099609375,9539.7001953125,9683.9501953125,1153800
2021-04-22,9644.5498046875,9665.9501953125,9503.7998046875,9529.2998046875,1172600
2021-04-23,9596.9501953125,9695.900390625,9534.900390625,9569.25,1173200
2021-04-26,9641.4501953125,9713.099609375,9612.7001953125,9630.2001953125,696300
2021-04-27,9708.2001953125,9733.7998046875,9653.900390625,9662.2998046875,797900
2021-04-28,9871.5,9968.400390625,9758.150390625,9781.5,1446500
2021-04-29,9773.7001953125,9985.0,9754.0,9959.2001953125,954000
2021-04-30,9640.849609375,9780.349609375,9619.0,9701.2998046875,878900
2021-05-03,9662.9501953125,9715.900390625,9485.5,9539.5498046875,841700
2021-05-04,9577.7001953125,9758.7001953125,9541.2001953125,9728.4501953125,845700
2021-05-06,9815.099609375,9826.5498046875,9664.2998046875,9669.2001953125,967700
2021-05-07,9819.4501953125,9907.4501953125,9767.0,9858.349609375,801200
2021-05-10,9973.0498046875,9984.7998046875,9834.5,9856.650390625,986600
2021-05-12,10013.650390625,10066.7998046875,9913.5,9992.0,1597900
2021-05-14,9810.4501953125,10061.5,9777.5,10059.2001953125,1228000
2021-05-17,10001.7001953125,10037.7998046875,9785.900390625,9844.150390625,1112900
2021-05-18,10324.0,10344.5,10070.25,10102.400390625,1780500
2021-05-19,10249.099609375,10303.0,10179.4501953125,10231.849609375,1837100
2021-05-21,10312.400390625,10332.0,10215.099609375,10276.099609375,849600
2021-05-24,10315.75,10390.2998046875,10299.25,10347.9501953125,769400
2021-05-26,10437.7998046875,10473.4501953125,10399.099609375,10423.4501953125,764100
2021-05-27,10486.0,10561.2998046875,10441.349609375,10467.25,1089600
2021-05-28,10510.25,10573.9501953125,10429.400390625,10537.599609375,760400
2021-06-01,10457.849609375,10619.0,10443.75,10507.2998046875,731200
2021-06-02,10647.75,10671.599609375,10413.2998046875,10431.5498046875,1508700
2021-06-03,10647.650390625,10690.4501953125,10600.650390625,10683.25,1266800
2021-06-04,10735.75,10749.150390625,10634.900390625,10672.849609375,1253300
2021-06-07,10806.5498046875,10888.25,10791.2001953125,10814.25,1239300
2021-06-08,10873.900390625,10889.650390625,10762.150390625,10836.0498046875,803100
2021-06-09,10734.400390625,10913.9501953125,10670.5498046875,10889.150390625,998500
2021-06-10,10722.7001953125,10781.5,10681.900390625,10773.849609375,572900
2021-06-11,10765.5,10807.150390625,10717.25,10772.349609375,942200
2021-06-14,10753.099609375,10767.7998046875,10570.849609375,10755.349609375,735300
2021-06-15,10754.400390625,10803.25,10739.400390625,10768.2001953125,597000
2021-06-16,10669.4501953125,10772.25,10644.5498046875,10742.5,731100
2021-06-17,10523.0,10664.9501953125,10484.9501953125,10618.7001953125,764800
2021-06-18,10443.75,10552.0498046875,10229.099609375,10540.75,1220500
2021-06-21,10401.150390625,10420.650390625,10276.099609375,10319.099609375,636500
2021-06-22,10540.4501953125,10614.2998046875,10451.5,10456.0,674900
2021-06-23,10588.5,10684.9501953125,10551.150390625,10599.5,610500
2021-06-24,10618.4501953125,10638.25,10550.849609375,10604.5498046875,471600
2021-06-25,10706.7998046875,10754.900390625,10643.900390625,10644.650390625,1413200
2021-06-28,10709.900390625,10746.099609375,10676.900390625,10746.099609375,515100
2021-06-29,10612.25,10754.9501953125,10588.25,10712.150390625,770400
2021-06-30,10600.349609375,10699.5,10583.0,10637.75,518900
2021-07-01,10687.7001953125,10744.099609375,10619.5498046875,10620.150390625,738600
2021-07-02,10685.5,10743.7998046875,10646.2001953125,10741.4501953125,450100
2021-07-06,10559.7001953125,10816.849609375,10527.5,10755.150390625,2086000
2021-07-07,10552.5,10598.0,10493.650390625,10565.2998046875,1445100
2021-07-08,10456.0,10558.25,10425.9501953125,10510.349609375,1261700
2021-07-09,10420.2998046875,10456.0498046875,10386.0498046875,10444.0,894300
2021-07-12,10438.2001953125,10523.0,10422.75,10496.5,574600
2021-07-13,10497.7998046875,10531.25,10463.599609375,10505.7001953125,557200
2021-07-14,10467.900390625,10510.650390625,10455.75,10503.75,519519000
2021-07-15,10426.0,10488.25,10404.25,10480.9501953125,485000
2021-07-16,10428.4501953125,10459.599609375,10400.349609375,10458.9501953125,427900
2021-07-19,10310.900390625,10379.7001953125,10268.400390625,10372.2998046875,466400
2021-07-20,10222.2001953125,10341.2998046875,10175.599609375,10318.400390625,531400
2021-07-22,10235.7998046875,10303.25,10189.150390625,10296.400390625,461600
2021-07-23,10201.349609375,10297.599609375,10190.7998046875,10249.2998046875,564100
2021-07-26,10137.9501953125,10212.650390625,10127.150390625,10204.650390625,482800
2021-07-27,10094.349609375,10217.099609375,10047.650390625,10153.150390625,814900
2021-07-28,10000.400390625,10122.5498046875,9947.9501953125,10119.099609375,594000
2021-07-29,9956.650390625,10027.9501953125,9945.7998046875,10021.0,908100
2021-07-30,10048.5,10179.599609375,9976.900390625,9990.7001953125,1486900
2021-08-02,10183.4501953125,10190.2998046875,10114.099609375,10162.75,602300
2021-08-03,10342.599609375,10355.650390625,10206.4501953125,10220.099609375,943100
2021-08-04,10246.7998046875,10408.0,10203.2001953125,10378.900390625,736000
2021-08-05,10224.900390625,10240.0,10157.7001953125,10237.650390625,565700
2021-08-06,10249.5,10316.400390625,10235.5498046875,10263.2998046875,468800
2021-08-09,10239.0,10348.7998046875,10200.4501953125,10274.75,600909000
2021-08-10,10158.75,10271.7998046875,10095.099609375,10247.099609375,785700
2021-08-11,10140.400390625,10225.349609375,10000.9501953125,10173.7998046875,611700
2021-08-12,10180.5498046875,10223.75,10137.099609375,10177.349609375,821700
2021-08-13,10178.2998046875,10240.849609375,10151.599609375,10218.650390625,991100
2021-08-16,10088.7998046875,10209.2001953125,10071.099609375,10182.2998046875,529100
2021-08-17,10088.2998046875,10100.4501953125,9963.25,10073.400390625,719000
2021-08-18,10067.9501953125,10134.150390625,10045.599609375,10123.75,516600
2021-08-20,9904.7001953125,10032.5498046875,9876.599609375,9972.5498046875,819800
2021-08-23,9759.150390625,10007.650390625,9744.5,9982.5498046875,672800
2021-08-24,9832.7998046875,9851.5498046875,9704.599609375,9779.0,743400
2021-08-25,9808.650390625,9899.25,9799.099609375,9874.4501953125,737100
2021-08-26,9763.099609375,9812.9501953125,9745.9501953125,9801.650390625,451000
2021-08-27,9793.849609375,9812.0,9718.25,9768.349609375,487700
2021-08-30,9957.900390625,9968.75,9863.4501953125,9867.7001953125,592000
2021-08-31,10034.4501953125,10044.349609375,9893.849609375,9972.7001953125,864000
2021-09-01,10043.900390625,10088.650390625,10010.599609375,10049.099609375,876400
2021-09-02,10022.4501953125,10083.5,9981.2998046875,10082.9501953125,624100
2021-09-03,10124.75,10195.900390625,10042.5498046875,10054.0498046875,1401700
2021-09-06,10167.25,10214.400390625,10156.099609375,10185.2001953125,681100
2021-09-07,10152.7001953125,10204.0498046875,10115.5498046875,10189.349609375,560000
2021-09-08,10100.400390625,10154.4501953125,10047.150390625,10152.099609375,537800
2021-09-09,10112.599609375,10144.2998046875,10054.349609375,10070.9501953125,890900
2021-09-13,10120.150390625,10125.7998046875,10045.0,10119.9501953125,425500
2021-09-14,10209.599609375,10246.75,10149.349609375,10151.25,624900
2021-09-15,10297.0,10309.599609375,10222.9501953125,10239.9501953125,660100
2021-09-16,10351.4501953125,10358.7001953125,10300.4501953125,10343.2001953125,486700
2021-09-17,10351.4501953125,10469.849609375,10284.4501953125,10392.099609375,579500
2021-09-20,10202.650390625,10348.0498046875,10176.400390625,10286.9501953125,495000
2021-09-21,10155.9501953125,10226.400390625,10021.349609375,10196.9501953125,468400
2021-09-22,10284.599609375,10314.0,10174.150390625,10179.5,625500
2021-09-23,10372.9501953125,10404.4501953125,10333.25,10337.75,762100
2021-09-24,10429.0498046875,10473.900390625,10341.75,10403.400390625,568000
2021-09-27,10765.150390625,10801.0,10501.0498046875,10513.0498046875,1159100
2021-09-28,10695.9501953125,10842.349609375,10608.75,10824.4501953125,639400
2021-09-29,10655.5,10715.650390625,10559.400390625,10640.099609375,522800
2021-09-30,10598.4501953125,10676.150390625,10561.75,10652.150390625,828600
2021-10-01,10596.9501953125,10617.849609375,10437.099609375,10544.849609375,775600
2021-10-04,10641.150390625,10695.4501953125,10616.400390625,10649.400390625,597800
2021-10-05,10692.0,10728.099609375,10599.9501953125,10624.4501953125,583700
2021-10-06,10567.5498046875,10766.900390625,10535.099609375,10722.650390625,533600
2021-10-07,11031.7998046875,11091.4501953125,10639.4501953125,10659.7001953125,2353800
2021-10-08,11079.349609375,11206.9501953125,11054.650390625,11147.75,1250600
2021-10-11,11375.5498046875,11444.7001953125,11125.0498046875,11136.5498046875,1522000
2021-10-12,11476.099609375,11525.5,11374.099609375,11400.150390625,1320500
2021-10-13,11870.0,12001.900390625,11603.099609375,11687.5498046875,2895000
2021-10-14,11800.2998046875,12014.5,11775.5,12005.9501953125,1351000
2021-10-18,11814.7998046875,11964.5498046875,11796.849609375,11862.7998046875,1202600
2021-10-19,11626.849609375,11892.0498046875,11580.75,11859.2001953125,916600
2021-10-20,11493.2998046875,11648.900390625,11388.849609375,11598.650390625,876500
2021-10-21,11557.400390625,11602.0498046875,11392.5,11588.0498046875,786100
2021-10-22,11433.9501953125,11641.349609375,11380.7998046875,11634.650390625,903800
2021-10-25,11228.2001953125,11445.650390625,11177.75,11417.849609375,606000
2021-10-26,11452.25,11466.7998046875,11258.849609375,11269.7001953125,828400
2021-10-27,11395.150390625,11491.150390625,11364.4501953125,11466.9501953125,530000
2021-10-28,11260.900390625,11449.099609375,11223.4501953125,11380.7998046875,626100
2021-10-29,11297.4501953125,11413.150390625,11070.650390625,11262.9501953125,640000
2021-11-01,11421.0,11460.150390625,11205.25,11306.4501953125,661100
2021-11-02,11521.25,11610.349609375,11487.5,11534.400390625,850000
2021-11-03,11401.2001953125,11560.9501953125,11366.9501953125,11515.099609375,470500
2021-11-04,11569.7998046875,11590.2001953125,11471.0,11480.7998046875,113500
2021-11-08,11645.75,11684.25,11602.5,11645.849609375,722900
2021-11-09,11766.25,11824.900390625,11691.349609375,11701.25,1314300
2021-11-10,11829.150390625,11855.7998046875,11718.7001953125,11776.25,651700
2021-11-11,11690.150390625,11848.75,11645.0,11818.75,554300
2021-11-12,11706.5,11795.25,11635.7001953125,11791.349609375,522800
2021-11-15,11687.650390625,11840.9501953125,11645.2998046875,11716.099609375,593900
2021-11-16,11977.2998046875,12078.7998046875,11692.0498046875,11717.9501953125,1199300
2021-11-17,12061.7998046875,12139.75,11958.5,11982.75,818900
2021-11-18,11747.4501953125,12067.25,11690.900390625,12061.900390625,826900
2021-11-22,11379.75,11788.7998046875,11270.349609375,11788.7998046875,755700
2021-11-23,11455.7001953125,11497.0,11275.25,11339.2001953125,705700
2021-11-24,11308.849609375,11532.650390625,11266.9501953125,11521.0498046875,446500
2021-11-25,11247.75,11366.2001953125,11193.0,11312.9501953125,361000
2021-11-26,10759.599609375,11159.599609375,10721.349609375,11159.599609375,942900
2021-11-29,10704.150390625,10807.650390625,10448.150390625,10705.650390625,793100
2021-11-30,10603.5498046875,10868.75,10554.25,10725.9501953125,741600
2021-12-01,10758.150390625,10802.650390625,10670.099609375,10725.75,601800
2021-12-02,10873.150390625,10891.599609375,10752.7998046875,10787.150390625,506200
2021-12-03,10788.75,10929.0,10757.2998046875,10880.099609375,463400
2021-12-06,10589.7998046875,10793.349609375,10570.349609375,10788.5,385400
2021-12-07,10759.0,10812.5498046875,10653.650390625,10698.599609375,413700
2021-12-08,11007.7001953125,11018.400390625,10807.2998046875,10822.849609375,481900
2021-12-09,11058.75,11095.849609375,10942.099609375,11095.4501953125,432400
2021-12-10,11080.0498046875,11127.5,10997.4501953125,11002.7998046875,330100
2021-12-13,11047.150390625,11212.2001953125,11032.0498046875,11176.5498046875,420000
2021-12-14,10972.150390625,11012.4501953125,10888.349609375,11010.5,354000
2021-12-15,11026.0,11102.150390625,10961.2001953125,10973.599609375,445100
2021-12-16,10945.75,11094.75,10905.2001953125,11091.7001953125,370100
2021-12-17,10678.650390625,10931.599609375,10661.400390625,10927.0,509200
2021-12-20,10405.2998046875,10543.5,10197.2001953125,10536.099609375,640300
2021-12-21,10483.900390625,10589.5,10412.900390625,10466.9501953125,415000
2021-12-22,10652.5498046875,10686.349609375,10534.0498046875,10534.25,393800
2021-12-23,10731.0498046875,10769.5498046875,10700.349609375,10737.5498046875,280700
2021-12-24,10620.75,10792.7001953125,10561.2001953125,10787.400390625,294000
2021-12-27,10641.650390625,10656.849609375,10505.75,10582.150390625,277100
2021-12-28,10783.849609375,10796.650390625,10671.349609375,10698.0,383500
2021-12-29,10829.5498046875,10850.650390625,10740.75,10799.9501953125,295900
2021-12-30,10755.650390625,10850.5498046875,10741.75,10844.150390625,280800
2021-12-31,10936.900390625,10950.4501953125,10774.7001953125,10788.400390625,319700
2022-01-03,11114.5498046875,11145.9501953125,10998.349609375,11001.2998046875,639000
2022-01-04,11139.400390625,11171.0498046875,11058.25,11165.0,447900
2022-01-05,11256.849609375,11277.7998046875,11103.2001953125,11133.099609375,429900
2022-01-06,11316.599609375,11334.900390625,11122.0498046875,11186.599609375,414200
2022-01-07,11290.900390625,11384.5498046875,11216.25,11341.75,303500
2022-01-10,11501.7001953125,11524.2998046875,11327.2001953125,11341.349609375,421800
2022-01-11,11479.7001953125,11542.349609375,11439.5,11476.9501953125,309500
2022-01-12,11645.900390625,11660.650390625,11484.75,11526.25,466300
2022-01-13,11686.150390625,11697.099609375,11507.5,11642.7001953125,502800
2022-01-14,11643.0498046875,11728.650390625,11592.150390625,11618.349609375,337800
2022-01-17,11881.25,11914.9501953125,11676.400390625,11692.599609375,747300
2022-01-18,11598.75,11907.2001953125,11555.599609375,11907.2001953125,446100
2022-01-19,11681.400390625,11704.75,11492.4501953125,11628.650390625,434400
2022-01-20,11583.2001953125,11750.5498046875,11525.150390625,11665.25,466100
2022-01-21,11561.75,11682.7998046875,11421.25,11509.900390625,435100
2022-01-24,11261.2001953125,11627.599609375,11152.650390625,11535.0498046875,540400
2022-01-25,11522.75,11539.9501953125,11075.150390625,11172.25,598100
2022-01-27,11561.599609375,11654.2998046875,11296.900390625,11432.75,600300
2022-01-28,11493.400390625,11761.150390625,11470.0,11615.5498046875,541100
2022-01-31,11703.5,11737.5,11578.099609375,11619.5498046875,489000
2022-02-01,11616.099609375,11771.099609375,11427.2998046875,11741.2001953125,811300
2022-02-02,11632.400390625,11765.0498046875,11594.5,11664.0498046875,417500
2022-02-03,11683.400390625,11840.4501953125,11633.599609375,11648.7001953125,486700
2022-02-04,11560.599609375,11720.25,11521.5498046875,11706.25,396800
2022-02-07,11407.25,11600.75,11334.7001953125,11572.4501953125,332500
2022-02-08,11429.7998046875,11561.5,11300.2001953125,11491.099609375,573600
2022-02-09,11680.150390625,11699.099609375,11478.400390625,11485.7001953125,349100
2022-02-10,11674.0498046875,11761.2998046875,11603.5,11761.2998046875,428200
2022-02-11,11552.900390625,11651.25,11505.349609375,11585.5,445300
2022-02-14,11107.150390625,11335.2001953125,11056.650390625,11306.900390625,627500
2022-02-15,11552.2998046875,11568.2001953125,11060.099609375,11150.150390625,633400
2022-02-16,11509.7001953125,11663.25,11470.25,11598.849609375,445400
2022-02-17,11492.849609375,11671.4501953125,11469.599609375,11571.2998046875,522700
2022-02-18,11420.4501953125,11539.25,11396.849609375,11449.5,327400
2022-02-21,11361.599609375,11456.349609375,11260.400390625,11361.25,448600
2022-02-22,11343.0498046875,11378.75,11113.900390625,11128.0,522400
2022-02-23,11318.7001953125,11474.2001953125,11286.650390625,11406.2998046875,465200
2022-02-24,10609.7998046875,11056.150390625,10542.099609375,10946.150390625,1171600
2022-02-25,10895.2998046875,11002.2998046875,10790.0498046875,10806.7001953125,828700
2022-02-28,10820.5498046875,10851.7001953125,10618.5498046875,10778.7998046875,666900
2022-03-02,10500.4501953125,10723.650390625,10449.5498046875,10723.650390625,594500
2022-03-03,10261.099609375,10648.599609375,10222.25,10648.599609375,685400
2022-03-04,9896.650390625,10161.150390625,9854.349609375,10143.75,1042000
2022-03-07,9480.4501953125,9655.0,9374.0,9648.7998046875,1070400
2022-03-08,9560.0,9581.650390625,9226.9501953125,9432.650390625,1155600
2022-03-09,9832.349609375,9872.4501953125,9560.099609375,9628.25,978600
2022-03-10,10019.349609375,10236.2998046875,9958.599609375,10157.0498046875,1230300
2022-03-11,9979.7001953125,10020.099609375,9868.7998046875,9964.7001953125,871900
2022-03-14,10074.2998046875,10092.150390625,9817.9501953125,9963.4501953125,753100
2022-03-15,10131.2998046875,10302.4501953125,10060.7001953125,10075.400390625,918000
2022-03-16,10350.099609375,10372.4501953125,10233.5,10300.599609375,676300
2022-03-17,10576.0,10590.5,10443.0,10469.5498046875,708800
2022-03-21,10448.400390625,10673.400390625,10423.7998046875,10639.25,455400
2022-03-22,10572.900390625,10586.25,10302.650390625,10453.0498046875,659100
2022-03-23,10463.4501953125,10659.150390625,10435.7001953125,10625.7998046875,496600
2022-03-24,10412.400390625,10502.9501953125,10353.2001953125,10397.25,382800
2022-03-25,10354.150390625,10461.5,10300.599609375,10453.2001953125,353000
2022-03-28,10421.599609375,10437.400390625,10300.150390625,10360.25,412300
2022-03-29,10416.25,10523.0,10387.2001953125,10468.5498046875,431100
2022-03-30,10542.150390625,10604.9501953125,10491.4501953125,10519.0,452500
2022-03-31,10552.099609375,10618.400390625,10528.650390625,10566.2998046875,446100
2022-04-01,10676.849609375,10692.7998046875,10471.75,10522.2001953125,453600
2022-04-04,10803.849609375,10812.900390625,10641.7998046875,10688.75,403800
2022-04-05,10936.5,10988.4501953125,10837.900390625,10850.650390625,509600
2022-04-06,10906.7998046875,10942.349609375,10830.099609375,10915.400390625,440900
2022-04-07,10820.7001953125,10926.400390625,10804.5,10869.2998046875,432600
2022-04-08,10894.2998046875,10921.900390625,10792.4501953125,10838.7998046875,453900
2022-04-11,10882.099609375,10928.400390625,10847.2998046875,10928.400390625,358500
2022-04-12,10788.7998046875,10850.2998046875,10694.349609375,10837.7998046875,454800
2022-04-13,10698.2998046875,10874.2001953125,10676.900390625,10819.099609375,308500
2022-04-18,10745.75,10761.9501953125,10566.4501953125,10637.849609375,353800
2022-04-19,10615.150390625,10877.0498046875,10519.0498046875,10795.9501953125,291000
2022-04-20,10848.7001953125,10885.650390625,10668.5,10686.099609375,370500
2022-04-21,11090.5498046875,11104.599609375,10890.75,10892.900390625,314400
2022-04-22,11028.150390625,11118.25,10899.75,10990.349609375,363700
2022-04-25,10916.5,11063.849609375,10864.400390625,10918.150390625,343500
2022-04-26,11221.75,11229.25,11018.400390625,11027.5498046875,563700
2022-04-27,11158.849609375,11200.7001953125,11063.099609375,11118.7001953125,360700
2022-04-28,11192.0498046875,11290.5498046875,11128.849609375,11290.5498046875,317000
2022-04-29,11078.099609375,11275.650390625,11034.75,11236.150390625,525200
2022-05-02,10938.2998046875,11038.0498046875,10897.0498046875,11015.599609375,428600
2022-05-04,10661.0,11023.4501953125,10617.900390625,10942.25,357600
2022-05-05,10705.7001953125,10885.849609375,10684.349609375,10765.9501953125,382700
2022-05-06,10518.4501953125,10604.0498046875,10473.150390625,10554.75,601300
2022-05-09,10483.5,10551.0,10312.650390625,10426.5498046875,389700
2022-05-10,10472.4501953125,10635.2001953125,10436.2001953125,10459.7998046875,409600
2022-05-11,10377.400390625,10541.5,10233.400390625,10486.7001953125,489500
2022-05-12,10164.349609375,10293.099609375,10092.599609375,10268.0498046875,628700
2022-05-13,10412.349609375,10610.849609375,10280.349609375,10300.25,1132000
2022-05-16,10649.099609375,10672.650390625,10475.75,10506.599609375,468600
2022-05-17,10911.150390625,10928.0,10677.0,10677.5,463700
2022-05-18,10909.4501953125,11015.2001953125,10878.7001953125,10917.2001953125,420000
2022-05-19,10618.0,10800.849609375,10597.5498046875,10680.25,386500
2022-05-20,10914.599609375,10970.25,10780.4501953125,10816.75,823400
2022-05-23,11115.2001953125,11229.900390625,11057.5498046875,11057.7001953125,819300
2022-05-24,11116.2998046875,11197.5,11062.7998046875,11166.650390625,586600
2022-05-25,11011.5,11196.400390625,10975.7998046875,11174.900390625,468700
2022-05-26,11097.150390625,11122.5498046875,10852.4501953125,11057.7998046875,460600
2022-05-27,11270.25,11300.7001953125,11141.099609375,11205.7001953125,386200
2022-05-30,11491.400390625,11543.150390625,11380.25,11386.2998046875,517200
2022-05-31,11586.599609375,11682.2998046875,11494.7001953125,11512.400390625,684900
2022-06-01,11563.0,11675.5,11490.5498046875,11608.7001953125,464900
2022-06-02,11491.400390625,11557.400390625,11416.25,11543.5,403700
2022-06-03,11282.150390625,11592.900390625,11258.099609375,11562.5,364100
2022-06-06,11303.150390625,11352.9501953125,11175.25,11245.400390625,337700
2022-06-07,11362.2001953125,11383.2998046875,11153.400390625,11228.849609375,322900
2022-06-08,11382.349609375,11450.0,11270.650390625,11421.599609375,344000
2022-06-09,11419.25,11438.75,11294.2998046875,11320.900390625,295500
2022-06-10,11394.0,11421.7998046875,11318.5,11324.650390625,264800
2022-06-13,11165.650390625,11261.2001953125,11132.0498046875,11215.400390625,392400
2022-06-14,11104.150390625,11258.849609375,11049.0498046875,11093.4501953125,451900
2022-06-15,11206.75,11250.4501953125,11153.9501953125,11158.7998046875,340100
2022-06-16,10956.599609375,11338.849609375,10939.7001953125,11322.2998046875,460200
2022-06-17,10830.900390625,10947.25,10762.4501953125,10902.4501953125,553900
2022-06-20,10754.7001953125,10882.150390625,10684.650390625,10845.75,521900
2022-06-21,10974.2001953125,10994.0,10786.7998046875,10818.4501953125,415400
2022-06-22,10881.400390625,10987.7998046875,10825.75,10948.7001953125,336100
2022-06-23,11359.5,11386.900390625,10933.9501953125,10940.349609375,623500
2022-06-24,11583.25,11596.7001953125,11407.75,11441.2001953125,523100
2022-06-27,11686.0498046875,11780.150390625,11659.7001953125,11747.9501953125,465800
2022-06-28,11832.5498046875,11852.0498046875,11608.4501953125,11644.400390625,553500
2022-06-29,11850.5,11865.25,11715.9501953125,11736.2998046875,446400
2022-06-30,11701.150390625,11911.349609375,11671.7998046875,11812.0498046875,617300
2022-07-01,11711.9501953125,11737.0,11530.349609375,11649.9501953125,446500
2022-07-04,11692.099609375,11733.400390625,11591.4501953125,11690.7998046875,384800
2022-07-05,11649.7998046875,11791.400390625,11632.0498046875,11750.25,344100
2022-07-06,11952.2001953125,11974.75,11671.650390625,11676.4501953125,381000
2022-07-07,12114.099609375,12132.400390625,12039.2001953125,12056.599609375,393800
2022-07-08,12124.599609375,12303.7998046875,12069.5,12274.349609375,527500
2022-07-11,12252.5,12266.2998046875,12040.5,12074.650390625,308800
2022-07-12,12107.349609375,12220.2001953125,12082.900390625,12218.5,234400
2022-07-13,12099.349609375,12189.349609375,12080.150390625,12154.0498046875,247700
2022-07-14,12115.2998046875,12184.0498046875,12025.25,12098.5498046875,257100
2022-07-15,12361.650390625,12377.650390625,12135.650390625,12139.9501953125,351800
2022-07-18,12408.7001953125,12455.849609375,12391.0,12435.5,381500
2022-07-19,12538.900390625,12553.599609375,12364.650390625,12373.5498046875,343700
2022-07-20,12511.2998046875,12660.7001953125,12484.599609375,12621.7001953125,439000
2022-07-21,12581.349609375,12612.400390625,12501.900390625,12528.7001953125,298800
2022-07-22,12634.2001953125,12690.0,12596.4501953125,12623.349609375,308600
2022-07-25,12423.7001953125,12648.4501953125,12369.099609375,12639.349609375,302600
2022-07-26,12276.5,12429.349609375,12262.0498046875,12418.2998046875,295900
2022-07-27,12326.349609375,12342.5498046875,12204.650390625,12289.0,253400
2022-07-28,12383.7001953125,12417.599609375,12238.7001953125,12357.5498046875,572800
2022-07-29,12543.2001953125,12687.599609375,12474.150390625,12482.5498046875,767100
2022-08-01,12953.650390625,12974.349609375,12627.9501953125,12645.650390625,988400
2022-08-02,13023.650390625,13048.5498046875,12817.0498046875,12921.9501953125,576800
2022-08-03,12919.400390625,13036.7998046875,12767.75,13036.7998046875,471600
2022-08-04,12945.7001953125,13024.2998046875,12754.25,13006.7001953125,469900
2022-08-05,12804.349609375,12981.099609375,12782.7998046875,12977.7998046875,359600
2022-08-08,12927.9501953125,12977.7998046875,12816.400390625,12821.5498046875,314400
2022-08-10,12951.650390625,12992.7001953125,12868.5,12959.0498046875,338700
2022-08-11,12923.5498046875,13097.349609375,12859.900390625,13080.2001953125,325200
2022-08-12,12923.75,12953.150390625,12847.4501953125,12938.0,429500
2022-08-16,13250.0,13261.849609375,13013.099609375,13021.150390625,0
2022-08-17,13194.25,13336.0498046875,13172.849609375,13281.0,440500
2022-08-18,13131.900390625,13206.2998046875,13093.75,13180.150390625,940900
2022-08-19,12946.4501953125,13222.599609375,12910.349609375,13177.349609375,533600
2022-08-22,12695.75,12906.75,12675.75,12899.400390625,473100
2022-08-23,12925.75,12945.849609375,12607.599609375,12630.900390625,511700
2022-08-24,12913.349609375,12957.0,12820.5,12898.099609375,298500
2022-08-25,12877.900390625,13001.099609375,12856.7001953125,12956.7001953125,301000
2022-08-26,12929.150390625,13037.349609375,12912.849609375,12984.25,386600
2022-08-29,12886.400390625,12909.9501953125,12651.75,12675.2001953125,310900
2022-08-30,13217.349609375,13256.5,12968.2001953125,12975.650390625,556300
2022-09-01,13266.150390625,13381.650390625,13025.5498046875,13025.5498046875,778000
2022-09-02,13220.650390625,13362.349609375,13203.349609375,13327.5498046875,453800
2022-09-05,13246.099609375,13260.75,13162.849609375,13244.400390625,353000
2022-09-06,13225.2998046875,13332.2001953125,13198.150390625,13299.75,423800
2022-09-07,13072.650390625,13205.5,13025.5,13129.75,509000
2022-09-08,13151.400390625,13233.2998046875,13117.400390625,13179.150390625,372900
2022-09-09,13219.599609375,13257.4501953125,13133.9501953125,13255.25,398100
2022-09-12,13256.099609375,13316.4501953125,13243.650390625,13259.150390625,288400
2022-09-13,13264.150390625,13340.650390625,13242.2998046875,13320.099609375,330700
2022-09-14,13222.25,13294.099609375,13085.7001953125,13090.9501953125,361800
2022-09-15,13315.5,13421.599609375,13263.849609375,13288.0,343500
2022-09-16,12954.4501953125,13324.349609375,12849.5498046875,13312.599609375,550100
2022-09-19,13074.0,13145.150390625,12872.5498046875,12982.650390625,469700
2022-09-20,13291.349609375,13379.75,13174.7001953125,13179.150390625,429600
2022-09-21,13223.4501953125,13412.900390625,13186.349609375,13303.2998046875,275800
2022-09-22,13320.75,13361.099609375,13146.5498046875,13165.099609375,390400
2022-09-23,13093.5,13392.0498046875,13023.5,13326.5,382100
2022-09-26,12594.349609375,12988.5,12539.5498046875,12964.5498046875,548200
2022-09-27,12529.7998046875,12687.7998046875,12407.400390625,12687.7998046875,504800
2022-09-28,12537.349609375,12683.0498046875,12371.0,12451.7001953125,396600
2022-09-29,12497.349609375,12706.849609375,12468.349609375,12655.150390625,448800
2022-09-30,12699.2998046875,12753.400390625,12365.7001953125,12501.150390625,471900
2022-10-03,12441.0498046875,12790.099609375,12388.0498046875,12790.099609375,526500
2022-10-04,12690.5498046875,12724.2998046875,12586.599609375,12643.0,357400
2022-10-06,12784.5498046875,12893.0498046875,12757.5,12769.0498046875,377800
2022-10-07,12761.9501953125,12831.650390625,12711.349609375,12811.400390625,367100
2022-10-10,12693.599609375,12711.5,12514.650390625,12622.75,531600
2022-10-11,12488.349609375,12725.2001953125,12463.25,12714.2998046875,382100
2022-10-12,12598.2998046875,12612.7001953125,12459.150390625,12526.900390625,378100
2022-10-13,12562.75,12722.599609375,12501.599609375,12609.5498046875,306400
2022-10-14,12478.25,12773.5,12464.2998046875,12758.099609375,280900
2022-10-17,12562.5498046875,12589.349609375,12386.2998046875,12445.5498046875,264200
2022-10-18,12732.650390625,12769.5,12620.599609375,12623.5498046875,334900
2022-10-19,12721.0498046875,12839.900390625,12698.650390625,12790.5,319200
2022-10-20,12729.599609375,12755.0,12544.599609375,12657.150390625,338100
2022-10-21,12695.650390625,12822.9501953125,12600.9501953125,12753.849609375,270500
2022-10-24,12794.650390625,12856.2998046875,12775.7998046875,12827.4501953125,55500
2022-10-25,12952.7998046875,12971.150390625,12803.0498046875,12842.0,389700
2022-10-27,12979.400390625,13026.0,12908.599609375,13024.7998046875,317700
2022-10-28,13190.900390625,13218.9501953125,12991.099609375,13024.9501953125,342800
2022-10-31,13381.650390625,13453.75,13270.2998046875,13302.2998046875,367500
2022-11-01,13416.900390625,13486.7998046875,13303.0498046875,13470.75,447700
2022-11-02,13318.25,13449.9501953125,13264.25,13438.0498046875,285200
2022-11-03,13262.650390625,13410.2998046875,13223.400390625,13265.4501953125,327600
2022-11-04,13271.7001953125,13336.7998046875,13228.75,13283.75,340800
2022-11-07,13443.900390625,13460.900390625,13316.4501953125,13336.0,353400
2022-11-09,13341.400390625,13544.900390625,13308.2001953125,13544.75,424000
2022-11-10,13080.75,13282.9501953125,13033.9501953125,13282.9501953125,431000
2022-11-11,13040.900390625,13280.7998046875,13003.2001953125,13254.4501953125,695500
2022-11-14,13071.400390625,13147.0,13035.900390625,13108.099609375,549900
2022-11-15,13155.5498046875,13190.5498046875,13074.5,13086.7998046875,348000
2022-11-16,13105.9501953125,13220.900390625,13043.25,13148.5498046875,273400
2022-11-17,12927.400390625,13066.5498046875,12904.0498046875,13046.2001953125,404400
2022-11-18,12774.900390625,12957.7998046875,12717.400390625,12929.25,315200
2022-11-21,12696.099609375,12777.7001953125,12668.2998046875,12738.0,329200
2022-11-22,12745.5,12765.849609375,12694.599609375,12712.0,253800
2022-11-23,12774.75,12835.2001953125,12762.849609375,12809.25,193400
2022-11-24,12845.599609375,12864.900390625,12781.150390625,12827.5498046875,216300
2022-11-25,12958.0,12996.849609375,12828.4501953125,12884.5,379200
2022-11-28,13036.400390625,13101.4501953125,12950.599609375,12963.599609375,303500
2022-11-29,13007.650390625,13088.599609375,12979.400390625,13048.7001953125,267500
2022-11-30,13231.849609375,13280.099609375,13021.900390625,13037.5,940800
2022-12-01,13191.75,13295.9501953125,13162.25,13295.9501953125,284000
2022-12-02,13046.349609375,13166.099609375,13024.849609375,13137.0,329700
2022-12-05,13007.5498046875,13075.2998046875,12972.2998046875,13071.599609375,282300
2022-12-06,12973.7998046875,12985.0498046875,12912.7001953125,12963.2998046875,229100
2022-12-07,12870.650390625,12990.75,12855.0,12981.5,385300
2022-12-08,12908.150390625,12934.0,12846.4501953125,12899.099609375,370000
2022-12-09,12869.400390625,13009.75,12764.650390625,12963.650390625,385500
2022-12-12,12874.349609375,12931.2998046875,12767.75,12865.75,341600
2022-12-13,12931.0,12967.349609375,12905.0,12921.5,376700
2022-12-14,13004.099609375,13010.0498046875,12949.5,12977.400390625,463400
2022-12-15,12912.900390625,13037.75,12890.7001953125,13000.349609375,343200
2022-12-16,12775.25,12908.2001953125,12702.7001953125,12860.7001953125,840700
2022-12-19,12978.7998046875,12995.099609375,12715.349609375,12783.599609375,466300
2022-12-20,12879.400390625,12948.4501953125,12768.099609375,12948.4501953125,436100
2022-12-21,12695.4501953125,12951.400390625,12633.099609375,12909.650390625,590700
2022-12-22,12554.7001953125,12765.2001953125,12511.900390625,12721.150390625,580100
2022-12-23,12236.0,12474.5,12213.5498046875,12452.599609375,628700
2022-12-27,12522.75,12567.5,12409.400390625,12483.0,457700
2022-12-28,12605.4501953125,12639.25,12470.2001953125,12500.75,419900
2022-12-29,12634.599609375,12705.75,12456.4501953125,12537.75,417200
2022-12-30,12611.7001953125,12700.0498046875,12593.2001953125,12700.0,304600
2023-01-02,12667.75,12685.099609375,12604.4501953125,12636.599609375,427192800
2023-01-03,12614.75,12687.4501953125,12583.75,12664.150390625,308700
2023-01-04,12512.0498046875,12631.2001953125,12467.7998046875,12622.7998046875,396700
2023-01-05,12656.650390625,12668.349609375,12507.4501953125,12555.5498046875,331400
2023-01-06,12627.7998046875,12689.0,12597.75,12656.900390625,305100
2023-01-09,12783.0,12810.4501953125,12694.349609375,12706.650390625,462600
2023-01-10,12819.099609375,12906.599609375,12769.4501953125,12844.400390625,1037400
2023-01-11,12753.0498046875,12865.900390625,12714.7001953125,12856.0498046875,501000
2023-01-12,12769.400390625,12807.7001953125,12703.25,12786.9501953125,400900
2023-01-13,12832.400390625,12883.900390625,12724.0498046875,12797.5,584700
2023-01-16,12748.7998046875,12892.25,12694.849609375,12861.25,334000
2023-01-17,12821.849609375,12835.25,12705.7001953125,12769.0,643000
2023-01-18,12817.599609375,12835.5498046875,12759.9501953125,12827.349609375,339400
2023-01-19,12763.0,12803.5,12743.5498046875,12775.599609375,314000
2023-01-20,12691.7001953125,12794.150390625,12673.7998046875,12775.75,595500
2023-01-23,12797.0498046875,12845.25,12700.400390625,12748.150390625,350200
2023-01-24,12960.849609375,12976.5,12818.7998046875,12840.400390625,499800
2023-01-25,12957.150390625,13030.2998046875,12895.349609375,12986.5,553800
2023-01-27,13089.7001953125,13278.849609375,12912.2001953125,13105.849609375,1111900
2023-01-30,13076.849609375,13164.25,12959.650390625,13096.4501953125,546900
2023-01-31,13323.900390625,13355.9501953125,13099.400390625,13160.7998046875,632300
2023-02-01,13206.849609375,13539.7998046875,12972.349609375,13397.75,592100
2023-02-02,13213.25,13275.5498046875,13091.150390625,13178.150390625,666700
2023-02-03,13377.9501953125,13396.9501953125,13167.650390625,13273.75,545900
2023-02-06,13360.150390625,13398.2001953125,13221.7998046875,13372.099609375,394200
2023-02-07,13226.0498046875,13391.0,13182.599609375,13379.349609375,500900
2023-02-08,13257.349609375,13276.0,13132.849609375,13246.650390625,491500
2023-02-09,13187.849609375,13246.0498046875,13133.5498046875,13244.75,465100
2023-02-10,13235.0498046875,13264.900390625,13153.7998046875,13198.4501953125,471400
2023-02-13,13154.349609375,13287.7001953125,13074.150390625,13224.599609375,371400
2023-02-14,13106.5498046875,13220.150390625,13093.5498046875,13184.9501953125,359800
2023-02-15,13235.2001953125,13246.2001953125,13087.400390625,13099.25,404200
2023-02-16,13206.0498046875,13316.25,13187.0,13274.2998046875,324200
2023-02-17,13140.0,13233.0,13107.849609375,13153.0498046875,260300
2023-02-20,13177.400390625,13228.599609375,13105.349609375,13165.2998046875,537000
2023-02-21,13148.75,13227.900390625,13129.2998046875,13222.4501953125,287000
2023-02-22,12989.9501953125,13149.5,12973.2998046875,13114.25,341500
2023-02-23,12982.25,13026.400390625,12896.25,13018.150390625,387300
2023-02-24,12869.099609375,13037.650390625,12853.9501953125,13024.5,296400
2023-02-27,12675.2998046875,12840.900390625,12566.0498046875,12822.849609375,415000
2023-02-28,12731.7998046875,12855.25,12689.400390625,12714.7998046875,454300
2023-03-01,12849.2998046875,12881.9501953125,12755.849609375,12759.0,312600
2023-03-02,12738.7998046875,12875.2001953125,12712.349609375,12874.2998046875,245400
2023-03-03,12787.0498046875,12834.900390625,12750.9501953125,12799.900390625,257900
2023-03-06,12909.5,12937.150390625,12821.75,12828.349609375,400400
2023-03-08,13019.5,13030.0498046875,12859.25,12882.9501953125,247300
2023-03-09,12781.2001953125,13059.4501953125,12766.75,13039.900390625,230600
2023-03-10,12741.599609375,12766.2001953125,12692.0498046875,12762.2998046875,300300
2023-03-13,12456.0,12738.400390625,12410.099609375,12714.5498046875,464000
2023-03-14,12345.5498046875,12486.0498046875,12310.0498046875,12475.2001953125,488200
2023-03-15,12282.0,12489.7001953125,12266.599609375,12461.7998046875,292400
2023-03-16,12304.900390625,12349.150390625,12159.900390625,12267.0,4528200
2023-03-17,12245.9501953125,12424.9501953125,12177.5498046875,12387.349609375,561100
2023-03-20,12131.7001953125,12255.4501953125,12025.400390625,12225.2998046875,632600
2023-03-21,12141.9501953125,12188.099609375,12114.4501953125,12165.0498046875,452100
2023-03-22,12201.349609375,12266.2998046875,12165.2001953125,12190.099609375,0
2023-03-23,12205.7001953125,12270.900390625,12153.400390625,12191.900390625,387600
2023-03-24,12113.400390625,12235.9501953125,12089.099609375,12196.5,368200
2023-03-27,12035.099609375,12131.349609375,12015.849609375,12093.75,397000
2023-03-28,11917.9501953125,12090.5,11901.849609375,12066.900390625,451600
2023-03-29,12121.2998046875,12142.5498046875,11935.099609375,11944.2998046875,460200
2023-03-31,12243.7998046875,12257.650390625,12154.0,12157.7998046875,392200
2023-04-03,12425.849609375,12456.7001953125,12328.400390625,12361.0498046875,304200
2023-04-05,12357.650390625,12453.7998046875,12340.25,12428.5,481400
2023-04-06,12469.349609375,12479.849609375,12312.75,12366.599609375,326000
2023-04-10,12616.75,12636.150390625,12516.4501953125,12520.099609375,736000
2023-04-11,12742.0498046875,12756.0,12640.400390625,12679.150390625,380800
2023-04-12,12862.2001953125,12897.650390625,12751.75,12759.0,464400
2023-04-13,12918.650390625,12938.7998046875,12861.150390625,12884.4501953125,400100
2023-04-17,12996.150390625,13012.900390625,12910.9501953125,13012.900390625,352900
2023-04-18,13005.099609375,13065.150390625,12954.349609375,13021.4501953125,428700
2023-04-19,13002.5498046875,13056.099609375,12981.150390625,12992.099609375,333000
2023-04-20,13032.349609375,13049.2001953125,12995.099609375,13028.5,366500
2023-04-21,12898.75,13031.900390625,12881.150390625,13031.900390625,313600
2023-04-24,12893.349609375,12928.75,12838.2001953125,12901.0498046875,295100
2023-04-25,12904.5498046875,12942.849609375,12869.099609375,12916.9501953125,398200
2023-04-26,12972.75,12992.650390625,12900.650390625,12928.2998046875,387200
2023-04-27,13071.7998046875,13084.9501953125,12961.400390625,12984.650390625,279400
2023-04-28,13189.25,13208.650390625,13071.0,13103.5498046875,435500
2023-05-02,13283.150390625,13307.4501953125,13147.900390625,13212.2998046875,439500
2023-05-03,13278.599609375,13289.25,13215.9501953125,13273.2001953125,254900
2023-05-04,13292.5498046875,13320.2001953125,13260.5498046875,13291.75,274800
2023-05-05,13345.7998046875,13453.650390625,13287.650390625,13314.2998046875,391100
2023-05-08,13584.25,13603.0498046875,13396.5498046875,13422.0498046875,574100
2023-05-09,13648.5,13712.400390625,13600.0498046875,13631.150390625,435000
2023-05-10,13750.849609375,13763.099609375,13626.650390625,13705.349609375,411300
2023-05-11,13803.75,13826.900390625,13736.0498046875,13810.849609375,458200
2023-05-12,13910.5,13957.2001953125,13854.7998046875,13871.650390625,633300
2023-05-15,14007.849609375,14082.4501953125,13931.400390625,13952.75,688300
2023-05-16,13877.7001953125,14067.0498046875,13851.2001953125,14046.400390625,403800
2023-05-17,13889.900390625,13936.5,13839.2001953125,13892.7001953125,377800
2023-05-18,13767.7001953125,13960.849609375,13756.849609375,13948.0,408900
2023-05-19,13863.5498046875,13876.5498046875,13647.599609375,13799.0,557200
2023-05-22,13890.5,13925.150390625,13823.400390625,13856.2998046875,349300
2023-05-23,13982.599609375,13994.599609375,13884.7001953125,13907.5498046875,488200
2023-05-24,13989.599609375,14035.400390625,13916.25,13959.900390625,462000
2023-05-25,14029.5,14050.849609375,13920.75,13963.0498046875,514100
2023-05-26,14130.4501953125,14150.0,14017.650390625,14063.400390625,539900
2023-05-29,14219.599609375,14315.349609375,14158.0,14254.849609375,419600
2023-05-30,14177.849609375,14273.2998046875,14164.75,14241.150390625,299100
2023-05-31,14199.0,14236.7998046875,14107.7001953125,14180.650390625,1442800
2023-06-01,14257.0,14303.2998046875,14168.75,14202.400390625,371300
2023-06-02,14388.599609375,14402.25,14263.4501953125,14325.349609375,386400
2023-06-05,14570.25,14598.400390625,14449.75,14469.7001953125,436100
2023-06-06,14729.5,14743.4501953125,14594.2998046875,14609.0,414500
2023-06-07,14819.4501953125,14842.5,14716.349609375,14798.4501953125,425800
2023-06-08,14692.0,14903.099609375,14669.7998046875,14866.25,540100
2023-06-09,14626.0,14759.5498046875,14610.2001953125,14730.0498046875,343200
2023-06-12,14673.849609375,14729.2001953125,14601.0,14691.9501953125,386200
2023-06-13,14658.2998046875,14744.0,14643.5498046875,14714.25,370700
2023-06-14,14682.7001953125,14718.150390625,14635.900390625,14692.75,329500
2023-06-15,14707.849609375,14815.7998046875,14660.5498046875,14714.900390625,438500
2023-06-16,14768.4501953125,14788.150390625,14701.5498046875,14747.849609375,819700
2023-06-19,14676.7001953125,14842.2998046875,14658.0498046875,14807.650390625,493300
2023-06-20,14785.650390625,14810.75,14573.900390625,14683.900390625,592600
2023-06-21,14777.7001953125,14885.2001953125,14738.2998046875,14813.0,547000
2023-06-22,14702.099609375,14871.7998046875,14683.0,14819.900390625,539300
2023-06-23,14550.2001953125,14715.849609375,14536.349609375,14706.599609375,410200
2023-06-26,14717.849609375,14745.650390625,14527.599609375,14563.0498046875,350100
2023-06-27,14729.900390625,14802.5498046875,14694.900390625,14764.599609375,366800
2023-06-28,14840.5498046875,14859.5498046875,14767.400390625,14798.9501953125,565000
2023-06-30,15147.650390625,15182.4501953125,14884.349609375,14892.4501953125,450000
2023-07-03,15106.849609375,15291.5498046875,15089.7998046875,15198.0498046875,419600
2023-07-04,15035.0498046875,15185.849609375,15010.099609375,15180.900390625,372700
2023-07-05,15281.900390625,15304.2001953125,15048.2001953125,15108.400390625,910500
2023-07-06,15453.7001953125,15471.0,15239.099609375,15290.2998046875,601300
2023-07-07,15498.849609375,15565.75,15374.5,15423.2001953125,618600
2023-07-10,15403.2001953125,15630.2001953125,15387.2001953125,15556.25,509700
2023-07-11,15617.4501953125,15630.4501953125,15456.4501953125,15486.5498046875,560200
2023-07-12,15614.900390625,15655.2001953125,15549.7998046875,15633.0,704400
2023-07-13,15519.7001953125,15761.2001953125,15460.7998046875,15685.099609375,716000
2023-07-14,15576.099609375,15605.900390625,15513.2998046875,15574.4501953125,401300
2023-07-17,15526.7998046875,15643.7998046875,15477.7001953125,15641.4501953125,458000
2023-07-18,15513.7998046875,15595.75,15443.0498046875,15558.349609375,373300
2023-07-19,15513.150390625,15559.2998046875,15454.849609375,15526.2998046875,312900
2023-07-20,15577.0,15589.900390625,15434.400390625,15544.4501953125,329800
2023-07-21,15590.349609375,15645.2998046875,15509.5498046875,15547.400390625,931500
2023-07-24,15617.5498046875,15715.650390625,15581.599609375,15614.2998046875,551300
2023-07-25,15765.599609375,15786.7001953125,15664.349609375,15689.150390625,628800
2023-07-26,15763.25,15912.150390625,15734.849609375,15820.849609375,602900
2023-07-27,15572.0,15713.900390625,15492.5498046875,15713.650390625,479200
2023-07-28,15537.900390625,15631.349609375,15466.900390625,15628.4501953125,555800
2023-07-31,15708.0498046875,15738.150390625,15512.900390625,15574.5498046875,384800
2023-08-01,15688.7001953125,15813.900390625,15638.7001953125,15720.9501953125,368000
2023-08-02,15428.900390625,15694.7998046875,15300.099609375,15688.75,580600
2023-08-03,15379.7998046875,15489.900390625,15316.0498046875,15406.4501953125,376800
2023-08-04,15328.400390625,15513.5498046875,15218.599609375,15469.599609375,406800
2023-08-07,15390.900390625,15441.599609375,15333.849609375,15404.599609375,379400
2023-08-08,15343.650390625,15452.599609375,15280.599609375,15430.849609375,374100
2023-08-09,15486.2001953125,15502.5498046875,15272.599609375,15381.75,490400
2023-08-10,15444.7998046875,15522.7998046875,15400.599609375,15492.5498046875,999000
2023-08-11,15378.099609375,15488.400390625,15355.75,15484.0,861600
2023-08-14,15327.4501953125,15371.900390625,15122.9501953125,15369.75,455400
2023-08-16,15425.0,15450.0,15218.900390625,15330.7001953125,0
2023-08-17,15399.25,15479.400390625,15339.75,15466.5498046875,422700
2023-08-18,15391.75,15436.150390625,15329.9501953125,15379.9501953125,363600
2023-08-21,15427.599609375,15456.150390625,15338.650390625,15395.0,335000
2023-08-22,15507.900390625,15533.0,15422.650390625,15445.849609375,316400
2023-08-23,15498.099609375,15553.349609375,15471.5,15539.7998046875,337000
2023-08-24,15459.2998046875,15581.849609375,15439.4501953125,15579.849609375,341800
2023-08-25,15363.599609375,15493.349609375,15293.900390625,15427.5,474000
2023-08-28,15475.25,15521.7998046875,15392.349609375,15402.0498046875,414700
2023-08-29,15578.900390625,15594.650390625,15472.650390625,15515.2998046875,387400
2023-08-30,15678.099609375,15732.2998046875,15623.7001953125,15654.2001953125,392800
2023-08-31,15670.25,15783.150390625,15643.5498046875,15712.2001953125,2337100
2023-09-01,15928.2998046875,15964.599609375,15667.400390625,15708.4501953125,413400
2023-09-04,15943.599609375,16040.400390625,15855.900390625,16039.599609375,508796800
2023-09-05,15942.75,16030.349609375,15919.0498046875,15966.4501953125,346400
2023-09-06,15921.25,15974.849609375,15842.7998046875,15973.5,314500
2023-09-07,15995.849609375,16014.75,15898.2001953125,15918.599609375,264300
2023-09-08,16102.900390625,16130.4501953125,15995.849609375,16056.9501953125,385100
2023-09-11,16374.9501953125,16386.5,16163.4501953125,16173.900390625,331000
2023-09-12,16070.0498046875,16428.349609375,15940.0498046875,16417.650390625,551900
2023-09-13,15995.9501953125,16112.9501953125,15926.2001953125,16081.25,330900
2023-09-14,16169.650390625,16193.400390625,16056.900390625,16065.4501953125,260000
2023-09-15,16425.80078125,16456.80078125,16241.5498046875,16249.0,511100
2023-09-18,16563.900390625,16647.05078125,16397.400390625,16451.80078125,409500
2023-09-20,16479.69921875,16628.94921875,16411.599609375,16495.19921875,349700
2023-09-21,16200.400390625,16516.55078125,16160.599609375,16468.94921875,331600
2023-09-22,16234.349609375,16301.2998046875,16129.0498046875,16214.0,319600
2023-09-25,16221.5498046875,16320.0498046875,16170.5,16267.0,353600
2023-09-26,16278.25,16325.25,16231.25,16241.5498046875,305700
2023-09-27,16283.400390625,16315.7998046875,16195.849609375,16281.9501953125,302000
2023-09-28,16092.2001953125,16327.0,16041.5,16308.25,403400
2023-09-29,16184.400390625,16261.900390625,16045.099609375,16146.849609375,354900
2023-10-03,15990.599609375,16316.0,15955.900390625,16315.349609375,344900
2023-10-04,15782.599609375,15952.599609375,15715.900390625,15952.25,325800
2023-10-05,15916.099609375,15960.7001953125,15785.900390625,15878.9501953125,302000
2023-10-06,15990.650390625,16039.7998046875,15966.400390625,16025.2001953125,218000
2023-10-09,15832.849609375,15958.7998046875,15801.849609375,15891.099609375,344800
2023-10-10,16028.7001953125,16059.2998046875,15877.0498046875,15892.25,386000
2023-10-11,16175.7998046875,16204.25,16085.2001953125,16088.9501953125,377400
2023-10-12,16301.7001953125,16327.400390625,16216.849609375,16232.900390625,266200
2023-10-13,16444.94921875,16468.0,16229.349609375,16231.25,514100
2023-10-16,16519.349609375,16551.900390625,16446.150390625,16460.05078125,434500
2023-10-17,16522.75,16618.44921875,16490.55078125,16585.69921875,279500
2023-10-18,16535.400390625,16592.94921875,16482.650390625,16544.05078125,353300
2023-10-19,16618.0,16645.69921875,16445.25,16458.0,308300
2023-10-20,16497.849609375,16664.849609375,16470.25,16579.44921875,305200
2023-10-23,16277.849609375,16538.099609375,16253.75,16450.849609375,370700
2023-10-25,16210.4501953125,16343.650390625,16082.4501953125,16297.5498046875,297600
2023-10-26,15953.0498046875,16155.7001953125,15928.599609375,16129.75,446700
2023-10-27,16169.150390625,16279.7998046875,16002.150390625,16002.25,286900
2023-10-30,16023.4501953125,16242.349609375,15831.7998046875,16215.650390625,328000
2023-10-31,15916.2001953125,16139.25,15899.25,16139.25,326900
2023-11-01,15835.650390625,16007.5,15807.9501953125,15952.0,265200
2023-11-02,15948.650390625,15977.900390625,15836.0,15948.0498046875,290900
2023-11-03,16045.400390625,16130.099609375,16015.099609375,16108.7001953125,415600
2023-11-06,16172.75,16185.650390625,16102.849609375,16156.9501953125,313000
2023-11-07,16143.75,16220.349609375,16116.599609375,16171.400390625,264700
2023-11-08,16220.7998046875,16235.9501953125,16166.0,16220.2001953125,260400
2023-11-09,16355.2998046875,16401.5,16229.650390625,16253.5498046875,468400
2023-11-10,16286.7001953125,16341.099609375,16185.5,16340.75,443500
2023-11-13,16365.2998046875,16387.19921875,16307.7998046875,16370.150390625,270400
2023-11-15,16648.5,16666.80078125,16421.75,16522.650390625,438700
2023-11-16,16788.900390625,16863.849609375,16632.30078125,16667.30078125,418300
2023-11-17,16905.5,16951.599609375,16798.900390625,16819.349609375,456100
2023-11-20,16777.30078125,16951.30078125,16730.099609375,16912.44921875,338500
2023-11-21,16860.099609375,16871.400390625,16758.30078125,16824.650390625,382500
2023-11-22,16972.19921875,16992.55078125,16767.650390625,16880.099609375,437000
2023-11-23,17033.55078125,17067.94921875,16993.75,17018.75,283900
2023-11-24,17040.349609375,17080.849609375,17014.099609375,17067.150390625,298300
2023-11-28,17202.75,17230.55078125,17047.099609375,17092.0,467600
2023-11-29,17482.44921875,17503.75,17244.25,17286.5,660700
2023-11-30,17551.849609375,17588.55078125,17436.69921875,17514.650390625,818100
2023-12-01,17489.05078125,17644.75,17462.05078125,17611.25,501400
2023-12-04,17687.25,17756.94921875,17530.94921875,17756.150390625,661900
2023-12-05,17792.099609375,17868.5,17681.599609375,17728.849609375,491000
2023-12-06,17788.400390625,17827.69921875,17672.94921875,17775.349609375,482300
2023-12-07,17867.349609375,18005.599609375,17757.400390625,17865.75,424300
2023-12-08,17769.099609375,17948.25,17663.30078125,17914.94921875,428600
2023-12-11,17852.30078125,17885.849609375,17711.650390625,17811.150390625,542400
2023-12-12,17726.5,17935.0,17630.650390625,17927.400390625,402400
2023-12-13,17917.900390625,17937.150390625,17699.650390625,17753.80078125,418200
2023-12-14,18045.05078125,18077.0,17926.599609375,17998.55078125,587500
2023-12-15,18038.25,18182.099609375,17843.25,18179.19921875,529100
2023-12-18,18068.25,18156.099609375,17969.75,18048.44921875,351500
2023-12-19,17932.69921875,18116.55078125,17905.099609375,18112.25,321300
2023-12-20,17523.55078125,18038.5,17479.900390625,18019.099609375,536700
2023-12-21,17537.849609375,17603.55078125,17294.349609375,17405.0,492600
2023-12-22,17778.900390625,17840.599609375,17566.849609375,17627.75,386100
2023-12-26,17953.55078125,17977.05078125,17806.900390625,17841.900390625,394400
2023-12-27,18224.849609375,18242.849609375,18009.75,18040.349609375,551700
2023-12-28,18408.599609375,18446.55078125,18234.75,18244.349609375,543500
2023-12-29,18618.19921875,18719.5,18417.849609375,18440.80078125,1582300
